student_id,education,experience_years,projects_count,certifications_count,skills,skills_count,target_role,readiness_category
STD_1117,B.Tech Artificial Intelligence and Data Science,3.7,4,4,SIEM;Vulnerability Assessment;Networking;Ethical Hacking;Cryptography;Security Tools;Cybersecurity Fundamentals;Communication;Threat Detection;Problem Solving;Python,11,Cybersecurity Analyst,Job Ready
STD_1369,BCA / MCA Computer Applications,2.1,6,4,Kubernetes;Git;Networking;Security Tools;Python;Docker;Problem Solving;GCP;Linux;AWS;Virtualization;Cloud Fundamentals,12,Cloud Engineer,Job Ready
STD_0423,B.E. Computer Science and Engineering,0.2,1,1,SQL;Statistics;Pandas;Data Cleaning;Deep Learning,5,Data Scientist,Beginner
STD_0414,BCA / MCA Computer Applications,1.1,1,0,Pandas;Probability;Machine Learning;Communication;Data Cleaning;Deep Learning,6,Data Scientist,Developing
STD_0452,B.E. Computer Science and Engineering,2.4,4,4,Machine Learning;Feature Engineering;Scikit-learn;Data Visualization;NumPy;Probability;Excel;Communication;Python;Deep Learning;SQL;NLP;Problem Solving;Statistics,14,Data Scientist,Job Ready
STD_0862,M.Tech Data Science & AI,0.1,1,0,JavaScript;Algorithms;Data Structures,3,Software Developer,Beginner
STD_1064,B.Tech Information Technology,3.5,3,4,Ethical Hacking;Data Visualization;Networking;Cybersecurity Fundamentals;SIEM;Threat Detection;Security Tools;Linux;Cryptography;Vulnerability Assessment;Problem Solving,11,Cybersecurity Analyst,Job Ready
STD_0742,B.Tech Information Technology,2.1,3,1,Data Visualization;Pandas;Communication;Data Cleaning;Excel;Python;Tableau;Power BI;Statistics,9,Data Analyst,Intermediate
STD_1273,B.E. Electronics and Communication,3.6,3,4,CI/CD;AWS;Problem Solving;Networking;Docker;Cloud Fundamentals;Python;Kubernetes;Virtualization;Git;Security Tools;Linux;GCP;Azure,14,Cloud Engineer,Job Ready
STD_0260,B.Tech Information Technology,1.4,3,3,Deep Learning;Scikit-learn;Machine Learning;Data Visualization;Communication;Feature Engineering;Problem Solving;NumPy;Probability;Data Cleaning,10,Data Scientist,Intermediate
STD_0889,B.E. Computer Science and Engineering,1.6,3,3,JavaScript;Python;SQL;CI/CD;REST API;Data Structures;Git;OOP;Java,9,Software Developer,Intermediate
STD_1433,B.Tech Information Technology,0.8,4,2,CI/CD;GCP;Azure;Git;Networking;AWS;Docker;Problem Solving;Cloud Fundamentals;Kubernetes;Virtualization;Python,12,Cloud Engineer,Intermediate
STD_0713,B.Tech Artificial Intelligence and Data Science,1.1,3,2,Statistics;SQL;Data Visualization;Python;Pandas;Data Cleaning;Git;Power BI;Tableau,9,Data Analyst,Intermediate
STD_1383,M.Tech Data Science & AI,1.0,2,1,Docker;Kubernetes;Linux;Security Tools;Virtualization;Problem Solving;Cloud Fundamentals;Networking;GCP;Python,10,Cloud Engineer,Intermediate
STD_0071,BCA / MCA Computer Applications,2.8,3,3,Problem Solving;MLOps;Computer Vision;Pandas;TensorFlow;SQL;C++;Statistics;NLP;Docker;Python;PyTorch;Model Deployment;Deep Learning;Cloud Fundamentals,15,AI/ML Engineer,Job Ready
STD_1269,B.Tech Artificial Intelligence and Data Science,0.3,1,1,Problem Solving;Pandas;NumPy;GCP;Kubernetes,5,Cloud Engineer,Beginner
STD_1492,B.E. Computer Science and Engineering,2.8,6,4,Security Tools;Computer Vision;AWS;Linux;Networking;GCP;Azure;Python;Kubernetes;Docker;CI/CD;Cloud Fundamentals;Problem Solving,13,Cloud Engineer,Job Ready
STD_0608,B.Tech Information Technology,1.3,4,3,Git;Pandas;Data Visualization;Communication;Tableau;Statistics;SQL;Data Cleaning;Python;Probability;Excel,11,Data Analyst,Intermediate
STD_0434,B.Tech Artificial Intelligence and Data Science,0.0,1,0,Pandas;Probability;Feature Engineering,3,Data Scientist,Beginner
STD_0052,BCA / MCA Computer Applications,0.2,1,0,PyTorch;MLOps,2,AI/ML Engineer,Beginner
STD_1200,B.Tech Artificial Intelligence and Data Science,0.4,0,1,Security Tools;Cryptography;Linux;Communication,4,Cybersecurity Analyst,Beginner
STD_1129,M.Tech Data Science & AI,0.4,1,1,Networking;Communication;Cryptography;Vulnerability Assessment,4,Cybersecurity Analyst,Beginner
STD_1191,B.E. Electronics and Communication,1.6,3,3,Ethical Hacking;Vulnerability Assessment;SIEM;Networking;Cryptography;Linux;Cybersecurity Fundamentals;Problem Solving;Threat Detection;Security Tools;Python;Git;Communication,13,Cybersecurity Analyst,Job Ready
STD_1250,BCA / MCA Computer Applications,0.1,1,1,Linux,1,Cybersecurity Analyst,Beginner
STD_1420,B.E. Computer Science and Engineering,2.1,5,4,Problem Solving;Kubernetes;Docker;Linux;CI/CD;Security Tools;Networking;Virtualization;Azure;Python;Cloud Fundamentals;GCP;Git,13,Cloud Engineer,Job Ready
STD_0433,BCA / MCA Computer Applications,0.3,1,0,Machine Learning;Pandas;Scikit-learn;Communication;NumPy;SQL;NLP,7,Data Scientist,Developing
STD_1453,B.Tech Information Technology,1.1,1,0,Problem Solving;Python;Power BI;Virtualization;Cloud Fundamentals;Data Cleaning,6,Cloud Engineer,Developing
STD_1471,BCA / MCA Computer Applications,3.2,5,2,Git;SQL;Networking;GCP;Python;Security Tools;CI/CD;Problem Solving;Linux;Docker;Virtualization;Scikit-learn;Azure;Kubernetes;Cloud Fundamentals,15,Cloud Engineer,Job Ready
STD_1235,B.E. Electronics and Communication,0.1,0,1,Security Tools;Statistics;Linux;Networking,4,Cybersecurity Analyst,Beginner
STD_1282,B.E. Computer Science and Engineering,2.1,3,3,Docker;Python;Cloud Fundamentals;Networking;AWS;CI/CD;Git;Data Visualization;Security Tools;Virtualization;Azure;GCP;Linux;Kubernetes,14,Cloud Engineer,Job Ready
STD_1086,BCA / MCA Computer Applications,3.3,5,3,Vulnerability Assessment;Threat Detection;Problem Solving;Python;Security Tools;Networking;Cryptography;Ethical Hacking;Cybersecurity Fundamentals;Git;SIEM;Communication;Linux;NumPy,14,Cybersecurity Analyst,Job Ready
STD_0611,BCA / MCA Computer Applications,0.1,0,0,Networking;Data Cleaning;Pandas;Kubernetes,4,Data Analyst,Beginner
STD_1285,BCA / MCA Computer Applications,0.9,3,3,Security Tools;Cloud Fundamentals;Networking;Python;Linux;Problem Solving;Virtualization;CI/CD;Kubernetes;GCP,10,Cloud Engineer,Intermediate
STD_1042,B.Tech Information Technology,0.6,1,2,Vulnerability Assessment;Statistics;Python;Cryptography;SIEM;Git;Communication;Cybersecurity Fundamentals,8,Cybersecurity Analyst,Developing
STD_0221,M.Tech Data Science & AI,0.5,1,1,Python;Computer Vision;Docker;SQL;Machine Learning,5,AI/ML Engineer,Beginner
STD_0340,B.Tech Information Technology,0.3,1,1,Python;SQL;Git;Statistics;Deep Learning;Docker;NumPy;Pandas,8,Data Scientist,Developing
STD_0424,B.E. Computer Science and Engineering,1.3,4,2,Probability;Scikit-learn;Statistics;Machine Learning;Feature Engineering;Pandas;NumPy;Data Visualization;Data Cleaning;Excel;Linux,11,Data Scientist,Intermediate
STD_0429,M.Tech Data Science & AI,0.8,1,1,NumPy;SQL;Python;Pandas;Cybersecurity Fundamentals;Git;Probability;Excel;NLP;Statistics,10,Data Scientist,Developing
STD_1106,M.Tech Data Science & AI,0.3,1,1,Cryptography;Linux;Python;Git;Ethical Hacking;SIEM;Vulnerability Assessment;Networking,8,Cybersecurity Analyst,Developing
STD_0077,BCA / MCA Computer Applications,2.4,6,4,Computer Vision;Cloud Fundamentals;Model Deployment;TensorFlow;NumPy;Problem Solving;Pandas;Git;Python;Scikit-learn;PyTorch;SQL,12,AI/ML Engineer,Job Ready
STD_1392,M.Tech Data Science & AI,0.4,1,0,CI/CD;Kubernetes;Azure,3,Cloud Engineer,Beginner
STD_0440,M.Tech Data Science & AI,1.2,2,0,NLP;Statistics;Feature Engineering;Kubernetes;Machine Learning;SQL,6,Data Scientist,Developing
STD_1337,B.Tech Information Technology,1.1,1,2,Linux;Cloud Fundamentals;GCP;Kubernetes;Security Tools;Git,6,Cloud Engineer,Developing
STD_0865,B.E. Electronics and Communication,0.5,1,0,Agile;Python;Communication;REST API;Data Structures;Vulnerability Assessment;C++,7,Software Developer,Developing
STD_1081,B.Tech Artificial Intelligence and Data Science,2.4,6,4,Git;Communication;Ethical Hacking;Linux;Vulnerability Assessment;Python;Networking;Security Tools;Cryptography;Threat Detection;SIEM,11,Cybersecurity Analyst,Job Ready
STD_0355,M.Tech Data Science & AI,0.4,2,1,Scikit-learn;Python;Pandas;Data Cleaning,4,Data Scientist,Developing
STD_0366,B.Tech Artificial Intelligence and Data Science,1.4,3,2,Feature Engineering;Probability;Excel;NumPy;Scikit-learn;Machine Learning;SQL;Statistics;Git;NLP,10,Data Scientist,Intermediate
STD_0310,M.Tech Data Science & AI,2.1,3,1,Machine Learning;Data Visualization;NumPy;Pandas;Data Cleaning;Problem Solving;Python;Scikit-learn;Statistics,9,Data Scientist,Intermediate
STD_0737,B.E. Computer Science and Engineering,0.3,2,0,Git;SQL;Problem Solving;Security Tools;Tableau;Excel;Python;Data Visualization,8,Data Analyst,Developing
STD_0999,B.E. Computer Science and Engineering,3.7,4,4,Java;REST API;Agile;CI/CD;Data Structures;JavaScript;C++;Git;SQL;Problem Solving;OOP;Communication;Algorithms,13,Software Developer,Job Ready
STD_0622,B.Tech Artificial Intelligence and Data Science,0.3,1,0,Tableau;Power BI,2,Data Analyst,Beginner
STD_0544,B.Tech Information Technology,0.2,1,0,Power BI;Python;Tableau;Problem Solving;SQL;Data Visualization;Pandas,7,Data Analyst,Developing
STD_1141,B.E. Computer Science and Engineering,2.7,3,4,SIEM;Cryptography;Threat Detection;Communication;Python;Cybersecurity Fundamentals;Linux;Vulnerability Assessment;Networking;Problem Solving;Git;Security Tools,12,Cybersecurity Analyst,Job Ready
STD_1297,B.Tech Artificial Intelligence and Data Science,3.1,3,2,Docker;Linux;Security Tools;Python;Virtualization;GCP;CI/CD;Pandas;Networking;Git;AWS;Azure;Kubernetes;Cloud Fundamentals;Scikit-learn,15,Cloud Engineer,Job Ready
STD_0555,B.E. Computer Science and Engineering,1.7,4,3,Python;Power BI;Probability;Git;Pandas;Statistics;Data Visualization,7,Data Analyst,Intermediate
STD_0680,M.Tech Data Science & AI,1.0,2,0,Git;Problem Solving;Data Visualization;Excel;Pandas;Power BI;Statistics;Communication,8,Data Analyst,Developing
STD_0050,B.E. Computer Science and Engineering,1.1,2,0,Python;SQL;NLP;Scikit-learn;Git,5,AI/ML Engineer,Developing
STD_0491,B.E. Computer Science and Engineering,1.4,2,3,Excel;Git;Data Visualization;Pandas;Scikit-learn;Probability;Feature Engineering;NumPy;Deep Learning;Python,10,Data Scientist,Intermediate
STD_0317,BCA / MCA Computer Applications,0.8,2,0,Problem Solving;Python;Pandas;Data Visualization;Data Cleaning,5,Data Scientist,Developing
STD_0905,M.Tech Data Science & AI,3.6,3,3,Python;Pandas;Git;SQL;Problem Solving;OOP;Linux;Data Structures;JavaScript;Docker;Algorithms;CI/CD;C++;Java,14,Software Developer,Job Ready
STD_0637,BCA / MCA Computer Applications,0.4,2,1,Data Visualization;Pandas;Excel;Tableau;Networking;Python;Problem Solving;Statistics;Cryptography,9,Data Analyst,Developing
STD_0561,B.Tech Artificial Intelligence and Data Science,0.5,2,0,Pandas;Statistics;Data Cleaning;SQL;Excel;Problem Solving,6,Data Analyst,Developing
STD_0487,B.E. Computer Science and Engineering,0.1,0,1,Machine Learning;Probability;Python;Data Visualization,4,Data Scientist,Beginner
STD_0068,B.Tech Information Technology,1.0,1,0,Computer Vision;Scikit-learn;Python;Docker;Deep Learning;PyTorch,6,AI/ML Engineer,Developing
STD_0812,B.E. Electronics and Communication,1.1,2,1,SQL;Pandas;C++;Data Structures;OOP;Algorithms;Agile,7,Software Developer,Developing
STD_0494,B.E. Computer Science and Engineering,0.2,2,2,Machine Learning;Feature Engineering;Scikit-learn;Python;Problem Solving;Excel,6,Data Scientist,Developing
STD_0311,BCA / MCA Computer Applications,1.5,2,1,Excel;Probability;Statistics;Feature Engineering;Data Visualization;NLP;Git;Java;SQL;Pandas;NumPy;Scikit-learn,12,Data Scientist,Intermediate
STD_1097,M.Tech Data Science & AI,1.7,3,3,Ethical Hacking;Networking;Python;Cryptography;Cybersecurity Fundamentals;SIEM;Linux;Vulnerability Assessment;Threat Detection,9,Cybersecurity Analyst,Intermediate
STD_1248,B.Tech Artificial Intelligence and Data Science,0.2,1,0,Cybersecurity Fundamentals;Linux;Threat Detection;Vulnerability Assessment;Git,5,Cybersecurity Analyst,Developing
STD_0185,B.E. Electronics and Communication,0.8,1,2,Machine Learning;Cloud Fundamentals;Computer Vision;TensorFlow;NumPy;Model Deployment;Python,7,AI/ML Engineer,Developing
STD_0307,B.Tech Information Technology,3.0,3,4,NumPy;Problem Solving;Machine Learning;Python;Docker;SQL;Data Cleaning;Networking;NLP;Deep Learning;Feature Engineering;Scikit-learn;Statistics;Communication;Probability,15,Data Scientist,Job Ready
STD_0853,B.Tech Artificial Intelligence and Data Science,2.9,4,4,JavaScript;Data Structures;Linux;Agile;Java;REST API;Problem Solving;SQL;Communication;OOP;Git;Python;CI/CD;Docker;Algorithms,15,Software Developer,Job Ready
STD_0793,B.E. Computer Science and Engineering,1.8,6,2,Java;C++;Kubernetes;Algorithms;CI/CD;OOP;Git;Docker;Agile;SQL;Data Structures,11,Software Developer,Job Ready
STD_0290,B.Tech Artificial Intelligence and Data Science,1.9,3,1,Deep Learning;Probability;Statistics;Scikit-learn;Linux;Python;Pandas;Problem Solving;Machine Learning;Data Cleaning;Networking;NLP;Git,13,Data Scientist,Intermediate
STD_0707,B.E. Electronics and Communication,0.7,1,1,Excel;Git;Problem Solving;Python;Data Cleaning;Statistics;Communication;Data Visualization,8,Data Analyst,Developing
STD_1330,B.Tech Artificial Intelligence and Data Science,0.9,1,2,Problem Solving;Networking;Docker;Virtualization;Kubernetes;CI/CD;Data Cleaning;Cloud Fundamentals,8,Cloud Engineer,Developing
STD_0655,B.Tech Information Technology,0.9,2,1,Pandas;Statistics;Problem Solving;Data Visualization;Power BI;Python;Tableau,7,Data Analyst,Developing
STD_0523,B.E. Electronics and Communication,1.4,4,1,Python;Power BI;Pandas;SQL;Tableau;Data Cleaning;Probability;Data Visualization,8,Data Analyst,Intermediate
STD_0462,B.E. Electronics and Communication,0.1,1,0,Git;Probability;Machine Learning,3,Data Scientist,Beginner
STD_0931,B.Tech Artificial Intelligence and Data Science,0.3,0,1,C++;REST API;SQL;Communication;Agile,5,Software Developer,Beginner
STD_1035,B.E. Computer Science and Engineering,1.0,1,2,Threat Detection;Git;Communication;Cybersecurity Fundamentals;Security Tools;Vulnerability Assessment;TensorFlow;Networking,8,Cybersecurity Analyst,Developing
STD_0030,B.Tech Information Technology,1.5,4,2,PyTorch;SQL;MLOps;Model Deployment;NumPy;Docker;Machine Learning;Scikit-learn;Computer Vision;Deep Learning;NLP;Python;TensorFlow;Git;Problem Solving;Cloud Fundamentals,16,AI/ML Engineer,Job Ready
STD_0241,B.E. Computer Science and Engineering,0.3,0,1,Computer Vision;Statistics,2,AI/ML Engineer,Beginner
STD_0799,BCA / MCA Computer Applications,1.1,1,0,Python;CI/CD;SQL;Communication;Git;Data Structures,6,Software Developer,Developing
STD_0818,BCA / MCA Computer Applications,1.2,1,2,Threat Detection;C++;Docker;Algorithms;Python;Java;Communication;Data Structures,8,Software Developer,Developing
STD_0066,M.Tech Data Science & AI,0.8,1,0,PyTorch;Git;Python;Pandas;Scikit-learn;Computer Vision,6,AI/ML Engineer,Developing
STD_0602,B.Tech Information Technology,1.9,2,2,OOP;Data Cleaning;Power BI;Data Visualization;Pandas;Git;Tableau;Python;Excel;Statistics;Communication;JavaScript,12,Data Analyst,Intermediate
STD_0925,M.Tech Data Science & AI,1.3,2,2,Problem Solving;Deep Learning;OOP;C++;Pandas;Algorithms;CI/CD;REST API;Communication;Data Structures,10,Software Developer,Intermediate
STD_0755,M.Tech Data Science & AI,0.1,1,1,Data Structures;C++;CI/CD;Git,4,Software Developer,Beginner
STD_0927,BCA / MCA Computer Applications,2.5,5,4,Python;Java;JavaScript;Git;Docker;Data Visualization;OOP;C++;Algorithms;REST API;CI/CD;Communication;Problem Solving,13,Software Developer,Job Ready
STD_1102,B.Tech Information Technology,0.6,2,2,Cybersecurity Fundamentals;Communication;Linux;Problem Solving;Cryptography;Networking,6,Cybersecurity Analyst,Developing
STD_0248,B.Tech Information Technology,0.7,2,0,REST API;Git;Scikit-learn;Computer Vision;Machine Learning;JavaScript,6,AI/ML Engineer,Developing
STD_0278,B.Tech Artificial Intelligence and Data Science,0.4,2,0,Git;Machine Learning;Data Visualization;SQL;AWS;Deep Learning;NumPy;Probability,8,Data Scientist,Developing
STD_1403,B.E. Electronics and Communication,2.1,3,3,Problem Solving;Linux;Networking;Cloud Fundamentals;Kubernetes;CI/CD;AWS;Azure;Docker;Virtualization,10,Cloud Engineer,Intermediate
STD_1067,B.E. Electronics and Communication,0.4,0,1,Networking;Threat Detection,2,Cybersecurity Analyst,Beginner
STD_0480,M.Tech Data Science & AI,3.1,4,3,Machine Learning;Git;Data Visualization;Statistics;Cybersecurity Fundamentals;Security Tools;Deep Learning;Pandas;NumPy;Scikit-learn;SQL;Python;Probability;Feature Engineering;Excel,15,Data Scientist,Job Ready
STD_0427,BCA / MCA Computer Applications,1.2,2,2,Deep Learning;Machine Learning;SQL;Feature Engineering;Problem Solving;NLP;Python;Data Visualization;Probability;Statistics;Pandas,11,Data Scientist,Intermediate
STD_0124,B.Tech Artificial Intelligence and Data Science,2.2,5,2,Statistics;Model Deployment;MLOps;NLP;Machine Learning;PyTorch;Deep Learning;Python;Docker;Computer Vision;SQL;NumPy;Git;Cloud Fundamentals;Problem Solving;Pandas,16,AI/ML Engineer,Job Ready
STD_1170,M.Tech Data Science & AI,0.8,2,2,Vulnerability Assessment;Ethical Hacking;SIEM;Cryptography;Cybersecurity Fundamentals,5,Cybersecurity Analyst,Developing
STD_0395,M.Tech Data Science & AI,0.4,0,0,Pandas;Data Cleaning;Data Visualization;NLP;NumPy,5,Data Scientist,Beginner
STD_0986,BCA / MCA Computer Applications,0.2,0,1,JavaScript,1,Software Developer,Beginner
STD_0716,B.Tech Information Technology,0.5,1,1,Statistics;Git;Pandas;Excel;Linux;Kubernetes,6,Data Analyst,Beginner
STD_1135,B.E. Electronics and Communication,0.4,0,0,Security Tools;Python;Threat Detection,3,Cybersecurity Analyst,Beginner
STD_1085,B.Tech Information Technology,0.1,0,0,AWS;Vulnerability Assessment;Python;Linux;Problem Solving,5,Cybersecurity Analyst,Beginner
STD_0498,B.E. Electronics and Communication,0.2,0,0,NumPy;Excel;Machine Learning,3,Data Scientist,Beginner
STD_0045,BCA / MCA Computer Applications,1.1,2,2,TensorFlow;Model Deployment;Scikit-learn;Pandas,4,AI/ML Engineer,Developing
STD_0060,M.Tech Data Science & AI,1.4,3,1,Deep Learning;PyTorch;Scikit-learn;Python;TensorFlow;Computer Vision;Problem Solving;MLOps,8,AI/ML Engineer,Intermediate
STD_1162,B.E. Computer Science and Engineering,1.0,2,1,Cryptography;Machine Learning;Git;Networking;Python;Security Tools;Linux,7,Cybersecurity Analyst,Developing
STD_0024,B.E. Electronics and Communication,0.2,2,1,Cloud Fundamentals;Docker;Scikit-learn;Python;Deep Learning;Machine Learning;Git;TensorFlow,8,AI/ML Engineer,Developing
STD_0875,B.E. Electronics and Communication,0.5,1,0,Git;OOP,2,Software Developer,Beginner
STD_0482,M.Tech Data Science & AI,0.9,2,0,Communication;Problem Solving;SQL;NumPy;Feature Engineering;Data Visualization,6,Data Scientist,Developing
STD_1325,B.E. Electronics and Communication,1.0,2,0,Virtualization;Kubernetes;CI/CD;Cloud Fundamentals;TensorFlow;AWS;Docker,7,Cloud Engineer,Developing
STD_0746,B.E. Electronics and Communication,2.4,6,2,Power BI;Statistics;Data Visualization;SQL;Tableau;Pandas;Probability;Excel;Data Cleaning;Communication,10,Data Analyst,Job Ready
STD_0232,BCA / MCA Computer Applications,2.1,5,3,Deep Learning;Python;PyTorch;TensorFlow;Cloud Fundamentals;Computer Vision;Machine Learning;Pandas;Problem Solving;SQL,10,AI/ML Engineer,Job Ready
STD_0125,B.E. Computer Science and Engineering,1.2,3,1,Statistics;NLP;Python;Cloud Fundamentals;Machine Learning;Pandas;TensorFlow,7,AI/ML Engineer,Intermediate
STD_0428,B.Tech Information Technology,0.1,0,1,Probability;Excel;Feature Engineering;Python;SQL;Statistics,6,Data Scientist,Beginner
STD_0819,B.E. Electronics and Communication,1.1,2,1,JavaScript;REST API;Linux;Docker;SQL;Java;Data Structures;Algorithms;Agile;OOP;CI/CD,11,Software Developer,Intermediate
STD_0169,B.Tech Artificial Intelligence and Data Science,3.0,4,4,Pandas;PyTorch;Model Deployment;Computer Vision;NumPy;Statistics;NLP;Git;Scikit-learn;Python,10,AI/ML Engineer,Job Ready
STD_0116,B.Tech Information Technology,0.5,2,2,Deep Learning;TensorFlow;Cryptography;Machine Learning;NLP;SQL,6,AI/ML Engineer,Developing
STD_1089,BCA / MCA Computer Applications,1.9,5,2,Communication;Cryptography;Git;Networking;Python;Vulnerability Assessment;Threat Detection;Problem Solving;Ethical Hacking;Cybersecurity Fundamentals;Linux,11,Cybersecurity Analyst,Job Ready
STD_0987,B.E. Electronics and Communication,0.4,0,1,CI/CD;Kubernetes;Java;Python;Algorithms,5,Software Developer,Beginner
STD_1396,B.Tech Information Technology,1.5,2,3,CI/CD;Python;Networking;Linux;Kubernetes;AWS;Cloud Fundamentals;Git;Security Tools;GCP;Azure,11,Cloud Engineer,Intermediate
STD_1425,B.Tech Artificial Intelligence and Data Science,1.7,6,4,Virtualization;Linux;Problem Solving;CI/CD;Networking;Git;GCP;Python;Kubernetes;Security Tools;Azure;Cloud Fundamentals;Docker,13,Cloud Engineer,Job Ready
STD_0416,B.E. Electronics and Communication,2.3,6,3,SQL;Data Cleaning;Probability;Pandas;Git;NumPy;Feature Engineering;Machine Learning;Python;Scikit-learn;Statistics,11,Data Scientist,Job Ready
STD_0142,BCA / MCA Computer Applications,0.2,1,0,TensorFlow;Python;Cloud Fundamentals;Deep Learning;Model Deployment;Computer Vision;Pandas,7,AI/ML Engineer,Developing
STD_1234,M.Tech Data Science & AI,1.0,3,3,Ethical Hacking;SIEM;Communication;Networking;Python;Cryptography;Security Tools;Git;Linux;Problem Solving;Threat Detection,11,Cybersecurity Analyst,Intermediate
STD_1294,M.Tech Data Science & AI,0.7,1,1,Kubernetes;AWS;Security Tools;Pandas;Computer Vision;Git;Virtualization,7,Cloud Engineer,Developing
STD_0763,B.Tech Artificial Intelligence and Data Science,0.5,1,0,Data Structures;Linux;Problem Solving;OOP;Java;JavaScript;C++;Agile,8,Software Developer,Developing
STD_1207,B.Tech Artificial Intelligence and Data Science,1.5,4,3,Communication;SIEM;Cryptography;Machine Learning;Networking;Git;Linux;Cybersecurity Fundamentals;Pandas;Ethical Hacking;Vulnerability Assessment,11,Cybersecurity Analyst,Intermediate
STD_0463,M.Tech Data Science & AI,2.1,3,1,Python;Statistics;NumPy;Feature Engineering;Data Visualization;Data Cleaning;Machine Learning;SQL;Scikit-learn,9,Data Scientist,Intermediate
STD_1244,B.E. Computer Science and Engineering,0.6,2,0,Vulnerability Assessment;Security Tools;Networking;SIEM;Communication;Cryptography,6,Cybersecurity Analyst,Developing
STD_0079,BCA / MCA Computer Applications,3.0,5,4,NLP;Python;Pandas;Machine Learning;Problem Solving;Docker;MLOps;Scikit-learn;Computer Vision;Cloud Fundamentals;Deep Learning;NumPy,12,AI/ML Engineer,Job Ready
STD_1005,B.E. Computer Science and Engineering,0.4,1,1,Linux;Networking;Vulnerability Assessment,3,Cybersecurity Analyst,Beginner
STD_1491,B.E. Computer Science and Engineering,0.1,0,0,Kubernetes;GCP;Linux,3,Cloud Engineer,Beginner
STD_0572,BCA / MCA Computer Applications,0.5,1,1,Statistics;SQL;Data Visualization;Data Cleaning;Python;Communication,6,Data Analyst,Developing
STD_0016,B.Tech Artificial Intelligence and Data Science,1.2,2,1,Problem Solving;Cloud Fundamentals;Python;PyTorch;Pandas;SQL;TensorFlow;NumPy;MLOps;Git;Machine Learning,11,AI/ML Engineer,Intermediate
STD_0495,B.Tech Information Technology,1.2,1,2,Data Visualization;NLP;Scikit-learn;Machine Learning;Probability;Python;Kubernetes,7,Data Scientist,Developing
STD_0351,M.Tech Data Science & AI,1.5,3,4,Feature Engineering;Scikit-learn;Problem Solving;Data Visualization;Pandas;NLP;Machine Learning;Data Cleaning;NumPy;Statistics;Git;Excel;SQL;Python;Probability,15,Data Scientist,Job Ready
STD_1000,B.Tech Information Technology,1.3,2,3,Python;Java;OOP;Problem Solving;Git;JavaScript;Algorithms;SQL,8,Software Developer,Intermediate
STD_0275,M.Tech Data Science & AI,1.0,2,1,Machine Learning;Git;NLP;Feature Engineering;Python;Statistics,6,Data Scientist,Developing
STD_1192,BCA / MCA Computer Applications,0.2,0,0,Communication;Vulnerability Assessment;JavaScript;Security Tools;OOP,5,Cybersecurity Analyst,Beginner
STD_0272,B.Tech Information Technology,2.9,3,2,Pandas;Git;Python;Problem Solving;Scikit-learn;Statistics;Excel;Data Cleaning;Machine Learning;Feature Engineering;Data Visualization;Deep Learning;SQL,13,Data Scientist,Job Ready
STD_1474,M.Tech Data Science & AI,0.4,1,2,Virtualization;Data Visualization;AWS;Networking;Security Tools;Docker;Data Cleaning,7,Cloud Engineer,Developing
STD_0238,M.Tech Data Science & AI,1.8,4,2,Deep Learning;TensorFlow;NLP;Model Deployment;MLOps;Machine Learning;NumPy,7,AI/ML Engineer,Intermediate
STD_0586,B.Tech Artificial Intelligence and Data Science,1.6,2,3,Git;Power BI;SQL;Python;Pandas;Statistics;Problem Solving,7,Data Analyst,Intermediate
STD_1313,B.Tech Artificial Intelligence and Data Science,0.1,1,1,Docker;Security Tools;Linux;Azure;Networking,5,Cloud Engineer,Beginner
STD_0695,B.E. Electronics and Communication,1.1,4,2,Power BI;Pandas;SQL;Data Visualization;Git;Python;Problem Solving;Excel,8,Data Analyst,Intermediate
STD_1002,B.E. Electronics and Communication,1.8,2,3,Problem Solving;Communication;Networking;Security Tools;Cryptography;Python;Cybersecurity Fundamentals,7,Cybersecurity Analyst,Intermediate
STD_0323,BCA / MCA Computer Applications,1.7,3,2,Statistics;Scikit-learn;Problem Solving;Python;NumPy;Cloud Fundamentals;SQL;Feature Engineering;Machine Learning;Networking,10,Data Scientist,Intermediate
STD_0783,B.Tech Artificial Intelligence and Data Science,2.5,4,4,Java;Algorithms;REST API;SQL;C++;OOP;JavaScript;Git;Agile;Communication;Docker;CI/CD;Linux;Python;Data Structures;Problem Solving,16,Software Developer,Job Ready
STD_1359,M.Tech Data Science & AI,0.9,1,1,Cloud Fundamentals;CI/CD;Virtualization;AWS;Kubernetes;Machine Learning;Problem Solving;GCP,8,Cloud Engineer,Developing
STD_1204,M.Tech Data Science & AI,1.2,1,1,Security Tools;Linux;Problem Solving;Ethical Hacking;Cybersecurity Fundamentals,5,Cybersecurity Analyst,Developing
STD_0971,BCA / MCA Computer Applications,1.6,2,3,Agile;Data Structures;Python;Git;Communication;Algorithms;OOP;Docker;C++;Java,10,Software Developer,Intermediate
STD_1467,B.E. Electronics and Communication,0.3,0,1,Security Tools;Python;NLP;Docker,4,Cloud Engineer,Beginner
STD_0527,B.Tech Information Technology,1.5,3,2,Problem Solving;Power BI;SQL;Statistics;Git;Data Visualization;Tableau;Python;Probability,9,Data Analyst,Intermediate
STD_1426,M.Tech Data Science & AI,2.7,6,2,Docker;Networking;Machine Learning;Virtualization;Git;Cloud Fundamentals;Security Tools;Kubernetes;AWS;Linux;Problem Solving;Python;Azure;GCP,14,Cloud Engineer,Job Ready
STD_1171,B.E. Computer Science and Engineering,2.9,3,4,Problem Solving;Python;Linux;SIEM;Cryptography;Cybersecurity Fundamentals;Ethical Hacking;Security Tools;Communication;Vulnerability Assessment;Networking,11,Cybersecurity Analyst,Job Ready
STD_0176,B.Tech Information Technology,0.4,1,2,Scikit-learn;NLP;NumPy;Cloud Fundamentals;Python;TensorFlow,6,AI/ML Engineer,Developing
STD_0359,BCA / MCA Computer Applications,0.5,1,0,Probability;Data Visualization;Feature Engineering;NumPy;Statistics;Scikit-learn;Problem Solving,7,Data Scientist,Developing
STD_0044,B.Tech Artificial Intelligence and Data Science,2.0,5,4,SQL;Cloud Fundamentals;Docker;TensorFlow;Deep Learning;NumPy;Python;Machine Learning;Computer Vision;NLP;Scikit-learn;PyTorch;Pandas,13,AI/ML Engineer,Job Ready
STD_0417,B.Tech Artificial Intelligence and Data Science,0.6,1,2,Probability;SQL;Pandas;Statistics;Security Tools;NLP;Data Cleaning,7,Data Scientist,Developing
STD_0345,B.E. Electronics and Communication,0.9,4,3,Machine Learning;Pandas;SQL;Scikit-learn;Git;Deep Learning;Problem Solving;NumPy;Feature Engineering,9,Data Scientist,Intermediate
STD_1027,B.Tech Artificial Intelligence and Data Science,1.0,1,2,Python;Git;SIEM;Threat Detection;Power BI;Cryptography;Cybersecurity Fundamentals;Pandas,8,Cybersecurity Analyst,Developing
STD_1402,B.Tech Information Technology,0.9,3,1,Networking;CI/CD;Machine Learning;Security Tools;SQL;AWS;Virtualization;Cloud Fundamentals;Problem Solving;Docker;Linux;Azure,12,Cloud Engineer,Intermediate
STD_0102,BCA / MCA Computer Applications,0.8,4,3,TensorFlow;NumPy;Machine Learning;Cloud Fundamentals;Python;Model Deployment;PyTorch;Pandas;Docker;Deep Learning;MLOps,11,AI/ML Engineer,Intermediate
STD_0108,B.Tech Information Technology,0.6,2,1,Deep Learning;NumPy;PyTorch;Cloud Fundamentals,4,AI/ML Engineer,Developing
STD_1490,B.Tech Information Technology,1.7,4,1,GCP;Python;Data Visualization;Security Tools;Cloud Fundamentals;Linux;Kubernetes;Docker;Virtualization,9,Cloud Engineer,Intermediate
STD_1053,B.E. Computer Science and Engineering,0.1,0,0,Python;SIEM;Vulnerability Assessment,3,Cybersecurity Analyst,Beginner
STD_0965,M.Tech Data Science & AI,0.8,1,1,SQL;Python;Computer Vision;Docker;CI/CD;JavaScript;REST API;Java,8,Software Developer,Developing
STD_0381,M.Tech Data Science & AI,0.3,1,1,Statistics;Git;Deep Learning;Data Visualization;NLP;Pandas,6,Data Scientist,Developing
STD_0245,M.Tech Data Science & AI,0.3,1,0,Scikit-learn;NLP;Deep Learning;SQL,4,AI/ML Engineer,Beginner
STD_1100,B.E. Electronics and Communication,1.0,2,3,Vulnerability Assessment;Cryptography;Problem Solving;Python;Threat Detection;Networking;Ethical Hacking;Git;SIEM;Linux,10,Cybersecurity Analyst,Intermediate
STD_0501,B.E. Computer Science and Engineering,1.7,4,3,Excel;Python;Power BI;Statistics;Git;Data Cleaning;Probability;Problem Solving;Tableau;SQL,10,Data Analyst,Intermediate
STD_0701,B.E. Electronics and Communication,0.5,1,1,Excel;Communication;Python;Problem Solving,4,Data Analyst,Beginner
STD_0129,B.E. Electronics and Communication,1.2,3,1,Scikit-learn;PyTorch;Docker;Git;Cloud Fundamentals;NLP;Pandas;Machine Learning,8,AI/ML Engineer,Intermediate
STD_0240,B.E. Electronics and Communication,0.8,1,2,SQL;NLP;Docker;Machine Learning;Scikit-learn;Statistics;OOP,7,AI/ML Engineer,Developing
STD_1115,B.E. Computer Science and Engineering,0.2,0,0,Vulnerability Assessment;SIEM;Cryptography;Problem Solving;Linux;Scikit-learn;TensorFlow,7,Cybersecurity Analyst,Beginner
STD_0683,B.E. Computer Science and Engineering,1.7,4,1,Power BI;Python;Pandas;Statistics;Problem Solving;Linux;Excel;Communication,8,Data Analyst,Intermediate
STD_0483,B.Tech Artificial Intelligence and Data Science,1.1,2,2,Data Visualization;Python;Scikit-learn;SQL;Communication;Git;Probability,7,Data Scientist,Intermediate
STD_1306,B.Tech Information Technology,0.9,1,0,Linux;Python;CI/CD;Virtualization;Cybersecurity Fundamentals;Azure;Security Tools,7,Cloud Engineer,Developing
STD_0276,B.E. Electronics and Communication,1.2,2,1,Pandas;Probability;Problem Solving;Machine Learning;SQL;Python;NLP;NumPy;Data Visualization;Deep Learning,10,Data Scientist,Intermediate
STD_0583,B.E. Electronics and Communication,0.8,1,0,Tableau;Statistics;Data Visualization;Probability;Python,5,Data Analyst,Developing
STD_0204,M.Tech Data Science & AI,1.2,2,3,Cloud Fundamentals;Problem Solving;Pandas;Scikit-learn;Docker;Deep Learning;Computer Vision;PyTorch;NumPy;SQL;MLOps,11,AI/ML Engineer,Intermediate
STD_0033,B.E. Computer Science and Engineering,3.3,4,4,NLP;PyTorch;Model Deployment;Scikit-learn;Computer Vision;Pandas;Problem Solving;Cloud Fundamentals;TensorFlow;Statistics;Git;Docker;SQL;Machine Learning,14,AI/ML Engineer,Job Ready
STD_1320,B.E. Computer Science and Engineering,0.4,1,0,Docker;Python;Security Tools;Kubernetes;Linux;AWS,6,Cloud Engineer,Developing
STD_0814,M.Tech Data Science & AI,2.1,3,3,Java;Algorithms;Problem Solving;REST API;Docker;OOP;Python;Agile;JavaScript;SQL,10,Software Developer,Intermediate
STD_0998,B.Tech Information Technology,3.4,6,4,SQL;JavaScript;Algorithms;Docker;Python;Java;Communication;Data Structures;OOP;CI/CD;Git;Problem Solving;Linux;REST API;Agile,15,Software Developer,Job Ready
STD_0382,B.Tech Artificial Intelligence and Data Science,0.7,2,2,NumPy;Problem Solving;Probability;Pandas;Statistics;Cloud Fundamentals;Python,7,Data Scientist,Developing
STD_1074,M.Tech Data Science & AI,0.5,2,2,Linux;Cybersecurity Fundamentals;Cloud Fundamentals;Security Tools;Networking;Communication,6,Cybersecurity Analyst,Developing
STD_1349,B.Tech Information Technology,1.5,4,2,Problem Solving;GCP;Kubernetes;Docker;Azure;Python;Networking;AWS;Git;Linux;CI/CD,11,Cloud Engineer,Intermediate
STD_0579,M.Tech Data Science & AI,0.7,1,2,Communication;Git;Excel;Statistics;SQL;Data Cleaning,6,Data Analyst,Developing
STD_0888,B.Tech Artificial Intelligence and Data Science,1.7,3,1,Communication;Java;Algorithms;Git;Data Structures;SQL;OOP;Agile;REST API;Python;Docker;Linux,12,Software Developer,Intermediate
STD_1326,B.Tech Artificial Intelligence and Data Science,0.5,0,0,Kubernetes;Cloud Fundamentals;Security Tools;Azure,4,Cloud Engineer,Beginner
STD_1327,B.E. Electronics and Communication,1.8,6,2,AWS;Azure;PyTorch;Cloud Fundamentals;Linux;Computer Vision;Git;Problem Solving;Python;Virtualization;Docker;Security Tools;Kubernetes,13,Cloud Engineer,Job Ready
STD_0942,B.E. Computer Science and Engineering,0.2,0,0,Git;Java;Problem Solving;JavaScript;NLP;Communication,6,Software Developer,Beginner
STD_0164,B.E. Computer Science and Engineering,1.1,4,3,Computer Vision;Problem Solving;NLP;Docker;Python;TensorFlow;Deep Learning;Machine Learning;Cloud Fundamentals,9,AI/ML Engineer,Intermediate
STD_0910,B.E. Electronics and Communication,3.1,4,4,C++;Linux;Git;Agile;Docker;OOP;Data Structures;Algorithms;SQL;Data Visualization;REST API;Python;Communication;JavaScript,14,Software Developer,Job Ready
STD_0298,BCA / MCA Computer Applications,1.5,2,1,Problem Solving;NumPy;Machine Learning;Feature Engineering;Statistics;Probability;Data Cleaning;Pandas;SQL;Python,10,Data Scientist,Intermediate
STD_0756,M.Tech Data Science & AI,3.3,6,4,Java;SQL;REST API;CI/CD;Problem Solving;Agile;OOP;Communication;JavaScript;Docker;Python;Data Structures;C++,13,Software Developer,Job Ready
STD_0406,B.Tech Artificial Intelligence and Data Science,1.5,3,3,SQL;Scikit-learn;Statistics;Git;Pandas;Machine Learning;Excel;Deep Learning;Probability;NLP;Python,11,Data Scientist,Intermediate
STD_0969,B.E. Computer Science and Engineering,0.3,0,1,Linux;CI/CD;Java,3,Software Developer,Beginner
STD_0606,BCA / MCA Computer Applications,1.5,2,3,Python;Problem Solving;Probability;Pandas;Git;Tableau;Data Cleaning;Statistics;SQL;Communication,10,Data Analyst,Intermediate
STD_0421,B.Tech Artificial Intelligence and Data Science,0.1,0,0,Machine Learning;Python,2,Data Scientist,Beginner
STD_0465,B.Tech Information Technology,0.3,1,1,Data Cleaning;Scikit-learn;Power BI;Feature Engineering;NumPy,5,Data Scientist,Beginner
STD_1188,B.E. Computer Science and Engineering,0.8,1,2,Linux;Cybersecurity Fundamentals;Networking;Communication;Vulnerability Assessment;Python,6,Cybersecurity Analyst,Developing
STD_0940,B.Tech Information Technology,1.1,3,3,Communication;CI/CD;Python;SQL;JavaScript;REST API;Java;Data Visualization;Linux;Data Structures;Docker;C++;OOP,13,Software Developer,Intermediate
STD_0193,B.E. Electronics and Communication,0.5,0,1,Computer Vision;NLP,2,AI/ML Engineer,Beginner
STD_0675,BCA / MCA Computer Applications,1.6,4,3,Probability;Data Visualization;Tableau;Python;SQL;Communication;Problem Solving;Pandas;Statistics;Excel,10,Data Analyst,Intermediate
STD_0352,M.Tech Data Science & AI,0.5,1,0,Git;Statistics;NLP;Pandas,4,Data Scientist,Beginner
STD_0859,B.E. Electronics and Communication,0.1,0,0,Git;Java,2,Software Developer,Beginner
STD_0064,B.E. Computer Science and Engineering,1.2,4,3,Problem Solving;Scikit-learn;NumPy;NLP;Pandas;Model Deployment;PyTorch;Machine Learning;MLOps;Deep Learning;Git,11,AI/ML Engineer,Intermediate
STD_1174,BCA / MCA Computer Applications,1.3,4,3,Cybersecurity Fundamentals;Threat Detection;Vulnerability Assessment;Communication;Git;Ethical Hacking;Linux;Security Tools;Virtualization;Problem Solving;SIEM;Networking,12,Cybersecurity Analyst,Intermediate
STD_0766,B.E. Computer Science and Engineering,2.1,2,3,JavaScript;Data Cleaning;Agile;CI/CD;Java;OOP;Algorithms;Problem Solving;Communication;REST API;Python,11,Software Developer,Intermediate
STD_1441,B.E. Electronics and Communication,1.0,1,0,Linux;Python;Problem Solving;AWS,4,Cloud Engineer,Developing
STD_0262,B.E. Electronics and Communication,0.8,1,2,NumPy;Python;NLP;Feature Engineering;Data Cleaning;Probability;Scikit-learn,7,Data Scientist,Developing
STD_0343,B.Tech Information Technology,1.0,3,2,Python;Communication;Statistics;Deep Learning;Scikit-learn;Excel;Pandas;SQL,8,Data Scientist,Intermediate
STD_1221,BCA / MCA Computer Applications,0.6,1,1,Linux;Git;Communication;Vulnerability Assessment;Cryptography,5,Cybersecurity Analyst,Developing
STD_0472,B.E. Electronics and Communication,0.1,0,0,SQL;Problem Solving;Data Visualization;Communication;Probability,5,Data Scientist,Beginner
STD_1335,B.Tech Artificial Intelligence and Data Science,0.1,1,1,Git;Azure;Virtualization;Docker;Cloud Fundamentals,5,Cloud Engineer,Beginner
STD_0199,B.E. Computer Science and Engineering,1.3,3,1,Statistics;Cloud Fundamentals;Computer Vision;PyTorch;MLOps;NLP;Model Deployment;Machine Learning;Pandas;Python;Scikit-learn,11,AI/ML Engineer,Intermediate
STD_1232,B.Tech Artificial Intelligence and Data Science,2.5,5,2,NLP;Cybersecurity Fundamentals;Cryptography;Python;Linux;Threat Detection;Security Tools;SIEM;Networking;Vulnerability Assessment;Ethical Hacking;Problem Solving,12,Cybersecurity Analyst,Job Ready
STD_0918,B.Tech Information Technology,0.9,3,1,SQL;Data Structures;JavaScript;Docker;Communication;REST API;Java;Git;C++,9,Software Developer,Intermediate
STD_0744,B.Tech Information Technology,0.5,1,2,Statistics;SQL;Power BI;Probability,4,Data Analyst,Developing
STD_0571,B.Tech Artificial Intelligence and Data Science,0.2,1,1,Python;Docker;Problem Solving;Tableau;SQL;Virtualization,6,Data Analyst,Beginner
STD_0219,BCA / MCA Computer Applications,0.2,1,0,SQL;Excel;NumPy;NLP,4,AI/ML Engineer,Beginner
STD_0454,BCA / MCA Computer Applications,3.7,4,4,Pandas;Excel;NumPy;Python;Scikit-learn;Deep Learning;NLP;Feature Engineering;Problem Solving;Git;SQL;Machine Learning;Communication;Statistics,14,Data Scientist,Job Ready
STD_0031,M.Tech Data Science & AI,1.1,4,2,Computer Vision;Model Deployment;AWS;Python;Pandas;Machine Learning;SQL;Deep Learning;NLP;Git;NumPy,11,AI/ML Engineer,Intermediate
STD_0057,B.Tech Information Technology,0.2,0,0,Computer Vision;Vulnerability Assessment;Statistics;Pandas;Git;Cryptography,6,AI/ML Engineer,Beginner
STD_1211,B.Tech Artificial Intelligence and Data Science,1.6,3,2,Git;Cybersecurity Fundamentals;Linux;Vulnerability Assessment;Problem Solving;Security Tools;Ethical Hacking;Networking;SIEM;Communication,10,Cybersecurity Analyst,Intermediate
STD_1386,B.E. Computer Science and Engineering,0.8,2,2,Probability;Linux;Problem Solving;NumPy;Virtualization;Docker;Azure;GCP,8,Cloud Engineer,Developing
STD_1066,BCA / MCA Computer Applications,0.6,2,0,Vulnerability Assessment;Ethical Hacking;Python;SIEM;Security Tools;Cryptography,6,Cybersecurity Analyst,Developing
STD_0431,B.E. Computer Science and Engineering,1.6,3,2,NLP;Python;Deep Learning;Machine Learning;Scikit-learn;Probability;Pandas,7,Data Scientist,Intermediate
STD_0725,B.E. Computer Science and Engineering,0.9,4,2,Data Visualization;Communication;Statistics;Python;Excel;SQL;Data Cleaning;Tableau;Git;Pandas,10,Data Analyst,Intermediate
STD_1145,B.E. Computer Science and Engineering,1.1,2,3,Linux;Networking;Problem Solving;Cryptography;Git;Vulnerability Assessment;Security Tools;Threat Detection;Communication;Ethical Hacking;Python,11,Cybersecurity Analyst,Intermediate
STD_1006,B.E. Computer Science and Engineering,2.2,4,2,Git;Threat Detection;Linux;Security Tools;Cybersecurity Fundamentals;SIEM;Cryptography;Python;Ethical Hacking;Vulnerability Assessment,10,Cybersecurity Analyst,Job Ready
STD_1051,BCA / MCA Computer Applications,2.9,3,4,Linux;Security Tools;Ethical Hacking;Cryptography;SIEM;Vulnerability Assessment;Communication;Problem Solving;Cybersecurity Fundamentals;Threat Detection;Networking;Python,12,Cybersecurity Analyst,Job Ready
STD_1346,B.E. Computer Science and Engineering,3.5,4,4,Linux;Docker;AWS;Python;Networking;Kubernetes;CI/CD;Machine Learning;Cloud Fundamentals;Git;Azure;Virtualization,12,Cloud Engineer,Job Ready
STD_1237,B.Tech Artificial Intelligence and Data Science,0.8,4,2,Cybersecurity Fundamentals;SIEM;Git;Problem Solving;Vulnerability Assessment;Python;Networking;Cryptography;Communication,9,Cybersecurity Analyst,Intermediate
STD_1236,B.E. Computer Science and Engineering,0.9,2,1,Statistics;Cryptography;Threat Detection;Git;SQL;Networking,6,Cybersecurity Analyst,Developing
STD_1449,B.Tech Artificial Intelligence and Data Science,0.2,2,0,Problem Solving;CI/CD;Kubernetes;Python;Security Tools;Docker;Networking;AWS,8,Cloud Engineer,Developing
STD_0621,B.E. Electronics and Communication,1.9,4,2,SQL;Git;Communication;Problem Solving;Excel;Python;Power BI;Statistics,8,Data Analyst,Intermediate
STD_1068,B.E. Electronics and Communication,3.6,6,2,Python;SIEM;Linux;Ethical Hacking;Security Tools;Cybersecurity Fundamentals;Communication;Git;Networking;Vulnerability Assessment;Threat Detection,11,Cybersecurity Analyst,Job Ready
STD_0839,BCA / MCA Computer Applications,1.4,2,1,OOP;C++;JavaScript;REST API;Python;Docker;Data Structures;CI/CD;SQL,9,Software Developer,Intermediate
STD_0100,BCA / MCA Computer Applications,1.3,3,2,Computer Vision;NLP;PyTorch;SQL;Deep Learning;Docker;Statistics;Cloud Fundamentals;Pandas;NumPy,10,AI/ML Engineer,Intermediate
STD_0533,B.Tech Artificial Intelligence and Data Science,1.3,4,1,Communication;SQL;Statistics;Pandas;Probability;Power BI;Git;Problem Solving;Tableau;Python,10,Data Analyst,Intermediate
STD_0529,B.Tech Information Technology,1.6,4,3,Tableau;Statistics;Probability;Data Visualization;Problem Solving;Pandas;Python;SQL;Communication;Excel,10,Data Analyst,Intermediate
STD_1347,B.Tech Information Technology,1.3,3,3,Git;Cloud Fundamentals;Docker;CI/CD;Azure;Virtualization;Networking;Linux;GCP;Python;AWS;Problem Solving,12,Cloud Engineer,Intermediate
STD_1173,B.E. Computer Science and Engineering,2.1,3,3,Vulnerability Assessment;Linux;Threat Detection;Python;Cryptography;Ethical Hacking;Networking;SIEM;Communication;Git;Cybersecurity Fundamentals;Security Tools,12,Cybersecurity Analyst,Job Ready
STD_1179,B.Tech Information Technology,2.2,2,3,Security Tools;Vulnerability Assessment;Ethical Hacking;Networking;Problem Solving;Communication;Threat Detection;SIEM;Git;Cryptography;Cybersecurity Fundamentals,11,Cybersecurity Analyst,Intermediate
STD_0630,B.Tech Information Technology,1.5,4,1,Communication;Excel;Power BI;Python;Statistics;Problem Solving;Tableau;Probability;Git;SQL;Data Cleaning,11,Data Analyst,Intermediate
STD_1028,B.Tech Artificial Intelligence and Data Science,0.4,0,0,Cryptography;Networking;Problem Solving;Ethical Hacking,4,Cybersecurity Analyst,Beginner
STD_0271,B.Tech Information Technology,1.0,4,3,Probability;Feature Engineering;Git;NLP;Statistics;Data Visualization;Pandas;Excel;Data Cleaning;Scikit-learn,10,Data Scientist,Intermediate
STD_1342,BCA / MCA Computer Applications,0.5,1,0,Virtualization;Problem Solving;GCP,3,Cloud Engineer,Beginner
STD_0627,B.Tech Artificial Intelligence and Data Science,0.7,2,0,Probability;Git;SQL;Python;Pandas;Statistics;Data Visualization;Tableau,8,Data Analyst,Developing
STD_1043,BCA / MCA Computer Applications,0.2,0,0,Python,1,Cybersecurity Analyst,Beginner
STD_0977,BCA / MCA Computer Applications,1.8,3,2,Agile;OOP;Data Structures;Linux;JavaScript;Docker;SQL;CI/CD;Problem Solving;Git,10,Software Developer,Intermediate
STD_0372,BCA / MCA Computer Applications,0.7,1,0,Statistics;Communication;Deep Learning;NumPy;Data Visualization;Python;SQL;Git,8,Data Scientist,Developing
STD_0589,B.Tech Information Technology,1.5,4,3,Data Cleaning;Pandas;SQL;Statistics;Tableau;Problem Solving;Excel;Data Visualization,8,Data Analyst,Intermediate
STD_0968,B.Tech Artificial Intelligence and Data Science,0.4,1,0,Pandas;Data Structures,2,Software Developer,Beginner
STD_1166,B.Tech Artificial Intelligence and Data Science,0.2,1,0,Threat Detection;JavaScript;Data Structures;Linux;Python,5,Cybersecurity Analyst,Beginner
STD_1147,BCA / MCA Computer Applications,2.0,4,2,Threat Detection;Networking;Git;TensorFlow;Security Tools;Linux;Python;Communication,8,Cybersecurity Analyst,Intermediate
STD_0237,B.E. Computer Science and Engineering,1.9,4,3,MLOps;SQL;Scikit-learn;TensorFlow;Computer Vision;Statistics;NLP;Pandas,8,AI/ML Engineer,Intermediate
STD_0597,B.Tech Information Technology,0.3,1,1,Docker;Tableau;Statistics;Cloud Fundamentals;Pandas,5,Data Analyst,Beginner
STD_0963,B.Tech Information Technology,1.0,2,1,OOP;Python;Linux;JavaScript;C++,5,Software Developer,Developing
STD_1446,B.E. Electronics and Communication,0.2,2,1,Cloud Fundamentals;AWS;Docker;Virtualization;GCP,5,Cloud Engineer,Developing
STD_1164,B.E. Electronics and Communication,0.5,2,0,Threat Detection;Machine Learning;Communication;Vulnerability Assessment;Python;Problem Solving;Cryptography;SIEM,8,Cybersecurity Analyst,Developing
STD_0591,B.Tech Information Technology,0.4,0,1,Power BI;SQL;Git,3,Data Analyst,Beginner
STD_0209,BCA / MCA Computer Applications,3.7,4,4,TensorFlow;Machine Learning;Deep Learning;Scikit-learn;PyTorch;Computer Vision;Model Deployment;Pandas;Git;SQL;NLP;NumPy;Python;MLOps,14,AI/ML Engineer,Job Ready
STD_1075,M.Tech Data Science & AI,2.0,4,2,Python;SIEM;Threat Detection;Communication;Cryptography;Ethical Hacking;Networking;Linux;Security Tools;Vulnerability Assessment;Cybersecurity Fundamentals,11,Cybersecurity Analyst,Job Ready
STD_0900,B.Tech Information Technology,1.1,4,2,Problem Solving;Communication;Algorithms;SQL;Java;Agile;Docker;JavaScript;Data Visualization;C++;Python;Git;Data Structures,13,Software Developer,Intermediate
STD_0354,B.Tech Information Technology,0.2,0,0,Statistics;Python;SQL;Data Cleaning;Security Tools,5,Data Scientist,Beginner
STD_0059,B.Tech Artificial Intelligence and Data Science,0.1,1,0,Statistics;MLOps;Python;TensorFlow;Computer Vision,5,AI/ML Engineer,Beginner
STD_0304,B.Tech Information Technology,0.2,2,1,Deep Learning;Git;Python;Probability;SQL;NLP,6,Data Scientist,Developing
STD_1448,B.Tech Artificial Intelligence and Data Science,0.4,1,1,AWS;Problem Solving;Cloud Fundamentals;CI/CD;Virtualization,5,Cloud Engineer,Developing
STD_0844,B.E. Electronics and Communication,0.5,2,0,Algorithms;Linux;JavaScript;SQL;CI/CD;Pandas;Java;REST API,8,Software Developer,Developing
STD_1262,BCA / MCA Computer Applications,3.1,6,4,Kubernetes;Linux;Git;Security Tools;Python;Docker;Problem Solving;AWS;Networking;Threat Detection;Virtualization;GCP;Cloud Fundamentals,13,Cloud Engineer,Job Ready
STD_1431,B.Tech Information Technology,0.8,1,2,Kubernetes;CI/CD;Azure;Cloud Fundamentals;Security Tools;Linux;Virtualization,7,Cloud Engineer,Developing
STD_1210,B.Tech Information Technology,1.7,2,1,SIEM;Vulnerability Assessment;Python;Ethical Hacking;Security Tools;Cybersecurity Fundamentals;Problem Solving;Threat Detection;Linux;Cryptography;Communication,11,Cybersecurity Analyst,Intermediate
STD_0368,B.Tech Information Technology,3.4,3,3,Data Visualization;Pandas;Deep Learning;NumPy;NLP;Scikit-learn;Communication;SQL;Git;Machine Learning;Data Cleaning;Statistics;Python;Problem Solving,14,Data Scientist,Job Ready
STD_1358,B.Tech Artificial Intelligence and Data Science,1.7,5,2,Virtualization;Python;Kubernetes;CI/CD;AWS;Azure;GCP;Problem Solving;Linux;Security Tools;Git;Docker;Cloud Fundamentals,13,Cloud Engineer,Job Ready
STD_1198,B.Tech Information Technology,0.5,0,1,Problem Solving;Ethical Hacking;Computer Vision;Cryptography;Python;TensorFlow,6,Cybersecurity Analyst,Beginner
STD_1305,B.E. Electronics and Communication,1.3,3,3,Problem Solving;Linux;Git;GCP;Docker;Networking;Security Tools;Virtualization;CI/CD;AWS,10,Cloud Engineer,Intermediate
STD_1233,B.E. Computer Science and Engineering,0.8,1,1,Problem Solving;Security Tools;Threat Detection;Cryptography,4,Cybersecurity Analyst,Developing
STD_0705,BCA / MCA Computer Applications,2.0,3,3,Git;Tableau;Data Visualization;Python;Data Cleaning;SQL;Statistics;Pandas;Excel,9,Data Analyst,Intermediate
STD_0234,M.Tech Data Science & AI,0.5,1,1,Pandas;MLOps;Machine Learning;Statistics,4,AI/ML Engineer,Beginner
STD_0619,B.E. Computer Science and Engineering,0.1,1,0,Statistics;Data Cleaning,2,Data Analyst,Beginner
STD_0197,B.Tech Information Technology,0.2,2,1,SQL;NLP;Machine Learning;Docker;Statistics;Computer Vision,6,AI/ML Engineer,Developing
STD_1260,B.Tech Information Technology,0.5,2,1,Networking;AWS;GCP;Docker;Security Tools;Linux;CI/CD;Scikit-learn;Python,9,Cloud Engineer,Developing
STD_0082,B.Tech Information Technology,3.3,6,4,Python;TensorFlow;Scikit-learn;C++;Cloud Fundamentals;MLOps;Model Deployment;Pandas;Computer Vision;Machine Learning;Deep Learning;PyTorch;NumPy;SQL,14,AI/ML Engineer,Job Ready
STD_1405,B.E. Electronics and Communication,0.3,0,0,Algorithms;Problem Solving;Security Tools;Networking,4,Cloud Engineer,Beginner
STD_0598,M.Tech Data Science & AI,0.4,1,1,Data Visualization;Data Cleaning;Scikit-learn;Communication;PyTorch;Probability,6,Data Analyst,Beginner
STD_1157,B.E. Computer Science and Engineering,2.1,3,1,Problem Solving;Cryptography;Communication;Git;Linux;Cybersecurity Fundamentals;Security Tools;Networking;Ethical Hacking;Power BI,10,Cybersecurity Analyst,Intermediate
STD_0112,B.E. Computer Science and Engineering,1.0,4,1,Model Deployment;Machine Learning;TensorFlow;Computer Vision;SQL;Python;Problem Solving;Cloud Fundamentals;Deep Learning;NLP;Scikit-learn,11,AI/ML Engineer,Intermediate
STD_1277,M.Tech Data Science & AI,0.7,1,0,Networking;Azure;Virtualization;CI/CD;Cloud Fundamentals;Git;Python,7,Cloud Engineer,Developing
STD_0781,B.Tech Artificial Intelligence and Data Science,2.1,3,3,SQL;Java;REST API;Git;Linux;Docker;Agile;JavaScript,8,Software Developer,Intermediate
STD_0984,B.E. Computer Science and Engineering,0.9,3,1,OOP;Problem Solving;Data Structures;JavaScript;Algorithms;SQL;C++;Communication;Git,9,Software Developer,Intermediate
STD_0800,M.Tech Data Science & AI,0.2,2,2,Git;Agile;REST API;Java;Algorithms,5,Software Developer,Developing
STD_1266,B.Tech Information Technology,3.3,4,4,Virtualization;Python;Networking;Cloud Fundamentals;CI/CD;Kubernetes;AWS;Git;Azure;Docker;Linux,11,Cloud Engineer,Job Ready
STD_1151,B.Tech Information Technology,0.6,2,2,Networking;Threat Detection;Security Tools;Problem Solving;Python;Linux,6,Cybersecurity Analyst,Developing
STD_0825,M.Tech Data Science & AI,2.5,6,2,Git;Java;Algorithms;Data Visualization;SQL;REST API;Problem Solving;Data Structures;Communication;C++;OOP;Agile;JavaScript,13,Software Developer,Job Ready
STD_0383,B.Tech Artificial Intelligence and Data Science,1.1,1,0,Cloud Fundamentals;Deep Learning;Pandas;NumPy;Python,5,Data Scientist,Developing
STD_0539,M.Tech Data Science & AI,0.8,2,0,Linux;Pandas;SQL;Python;Data Cleaning;Communication;Cybersecurity Fundamentals,7,Data Analyst,Developing
STD_1494,B.Tech Artificial Intelligence and Data Science,1.2,3,1,Azure;Docker;Linux;AWS;GCP;Kubernetes;Problem Solving;Python,8,Cloud Engineer,Intermediate
STD_1113,B.Tech Information Technology,2.0,3,2,Problem Solving;Networking;Data Cleaning;Threat Detection;Vulnerability Assessment;Communication;Data Visualization;SIEM;Cryptography;Python;Security Tools;Git;Linux,13,Cybersecurity Analyst,Intermediate
STD_0325,BCA / MCA Computer Applications,0.0,1,1,NLP;Vulnerability Assessment;NumPy;SQL;Scikit-learn,5,Data Scientist,Beginner
STD_0362,B.Tech Artificial Intelligence and Data Science,0.9,2,2,Feature Engineering;SQL;Pandas;NLP;NumPy,5,Data Scientist,Developing
STD_1488,B.Tech Artificial Intelligence and Data Science,3.1,6,2,Cloud Fundamentals;Security Tools;GCP;Virtualization;Linux;Python;Docker;Kubernetes;AWS;CI/CD,10,Cloud Engineer,Job Ready
STD_1030,B.Tech Information Technology,0.5,1,1,Git;Security Tools;Threat Detection;Cybersecurity Fundamentals;Communication;Networking;Problem Solving;Vulnerability Assessment,8,Cybersecurity Analyst,Developing
STD_0708,B.Tech Artificial Intelligence and Data Science,0.7,2,2,Git;Networking;Tableau;Statistics;Pandas;Excel;Data Cleaning;Python;Virtualization;Probability,10,Data Analyst,Developing
STD_0333,B.Tech Artificial Intelligence and Data Science,2.4,6,4,Probability;Git;Pandas;NLP;Excel;Deep Learning;Machine Learning;Communication;Data Cleaning;NumPy;Python;Scikit-learn;Statistics;SQL;Feature Engineering;Problem Solving;Data Visualization,17,Data Scientist,Job Ready
STD_0430,M.Tech Data Science & AI,0.2,0,1,Vulnerability Assessment;SQL;Pandas,3,Data Scientist,Beginner
STD_1243,B.Tech Information Technology,1.7,4,2,SIEM;Python;Ethical Hacking;Linux;Cryptography;Problem Solving;Security Tools;Git;Cybersecurity Fundamentals;Communication;Networking;Threat Detection,12,Cybersecurity Analyst,Intermediate
STD_0426,M.Tech Data Science & AI,3.7,3,4,Python;Pandas;Communication;Scikit-learn;SQL;Git;Data Visualization;Statistics;Machine Learning;Excel;Probability,11,Data Scientist,Job Ready
STD_0629,B.E. Computer Science and Engineering,0.2,0,1,Data Cleaning;Statistics,2,Data Analyst,Beginner
STD_1112,BCA / MCA Computer Applications,1.7,3,3,Python;SIEM;Communication;Cybersecurity Fundamentals;Networking;Threat Detection;Security Tools;Vulnerability Assessment;Git,9,Cybersecurity Analyst,Intermediate
STD_0678,B.E. Computer Science and Engineering,0.1,1,0,SQL;Communication;Statistics;Probability;Pandas,5,Data Analyst,Beginner
STD_0694,BCA / MCA Computer Applications,0.3,2,1,Data Visualization;Power BI;Data Cleaning;Problem Solving;SQL;Statistics;Probability,7,Data Analyst,Developing
STD_0758,B.Tech Artificial Intelligence and Data Science,0.7,2,1,Networking;OOP;Agile;Docker;Python;Data Structures;Java;Threat Detection,8,Software Developer,Developing
STD_0255,B.Tech Artificial Intelligence and Data Science,0.8,2,1,Probability;Excel;Data Cleaning;REST API;Python;Statistics;Pandas,7,Data Scientist,Developing
STD_1095,BCA / MCA Computer Applications,0.2,1,0,Threat Detection;Vulnerability Assessment;Cryptography;Ethical Hacking,4,Cybersecurity Analyst,Beginner
STD_0917,B.E. Computer Science and Engineering,2.4,5,4,REST API;CI/CD;Communication;OOP;SQL;JavaScript;Java;Algorithms;Git;Docker,10,Software Developer,Job Ready
STD_1186,B.E. Computer Science and Engineering,0.4,0,0,Linux,1,Cybersecurity Analyst,Beginner
STD_0669,M.Tech Data Science & AI,0.8,3,3,Tableau;Problem Solving;Communication;NumPy;Data Cleaning;Excel;Pandas;Git;Data Visualization;Power BI;Probability;Python,12,Data Analyst,Intermediate
STD_0842,B.Tech Artificial Intelligence and Data Science,1.1,2,2,CI/CD;Communication;Git;OOP;C++;Docker;Agile;Java;Algorithms;Python;Data Structures;SQL,12,Software Developer,Intermediate
STD_0807,M.Tech Data Science & AI,1.6,3,3,SQL;Python;Communication;Virtualization;Problem Solving;REST API;OOP;Cloud Fundamentals;Git;JavaScript;Java,11,Software Developer,Intermediate
STD_1457,B.E. Electronics and Communication,1.1,4,3,Docker;Networking;Azure;Python;AWS;Cloud Fundamentals;Kubernetes;Problem Solving,8,Cloud Engineer,Intermediate
STD_0087,BCA / MCA Computer Applications,0.7,2,0,Deep Learning;PyTorch;Machine Learning;NLP;Cloud Fundamentals;Problem Solving;Pandas,7,AI/ML Engineer,Developing
STD_1422,BCA / MCA Computer Applications,0.4,0,1,Docker;Kubernetes;Git,3,Cloud Engineer,Beginner
STD_0266,M.Tech Data Science & AI,3.6,5,3,Feature Engineering;NLP;Scikit-learn;NumPy;Pandas;Python;Machine Learning;SQL;Data Cleaning;Probability;Statistics;Excel;Deep Learning;Data Visualization;Git,15,Data Scientist,Job Ready
STD_0288,B.E. Computer Science and Engineering,0.3,0,1,Data Visualization;Problem Solving;SQL;Communication,4,Data Scientist,Beginner
STD_1484,B.E. Electronics and Communication,0.5,1,0,Linux;CI/CD;Python,3,Cloud Engineer,Beginner
STD_0893,B.E. Electronics and Communication,1.6,3,2,Algorithms;REST API;Cloud Fundamentals;JavaScript;Java;Problem Solving;Data Structures;Agile;Communication;CI/CD;C++;Kubernetes,12,Software Developer,Intermediate
STD_1496,B.E. Computer Science and Engineering,1.6,2,3,GCP;Networking;AWS;Docker;Azure;Excel;Python;Virtualization,8,Cloud Engineer,Intermediate
STD_0979,B.E. Computer Science and Engineering,1.7,2,2,Docker;Python;SQL;REST API;C++;Git;Problem Solving;Communication;Data Structures;CI/CD,10,Software Developer,Intermediate
STD_0535,B.Tech Information Technology,0.5,0,0,Communication;Data Cleaning;Data Visualization;Power BI,4,Data Analyst,Beginner
STD_1001,B.Tech Artificial Intelligence and Data Science,1.4,2,3,Linux;Git;Cryptography;Problem Solving;Vulnerability Assessment;Cybersecurity Fundamentals;Threat Detection;SIEM;Ethical Hacking;Security Tools;Python,11,Cybersecurity Analyst,Intermediate
STD_0222,BCA / MCA Computer Applications,1.6,4,2,NumPy;PyTorch;Docker;Scikit-learn;Deep Learning;SQL;TensorFlow;Python;Model Deployment;NLP,10,AI/ML Engineer,Intermediate
STD_0114,BCA / MCA Computer Applications,0.6,2,1,SQL;NumPy;TensorFlow;Python;Machine Learning;OOP,6,AI/ML Engineer,Developing
STD_0673,BCA / MCA Computer Applications,0.0,0,0,Data Cleaning;REST API;Git;Communication;JavaScript,5,Data Analyst,Beginner
STD_0584,B.E. Electronics and Communication,0.2,1,0,Power BI;Linux;Tableau;Python;Probability,5,Data Analyst,Beginner
STD_0175,B.E. Computer Science and Engineering,1.8,4,2,NLP;Docker;Git;Linux;Machine Learning;TensorFlow;Deep Learning;Python;Scikit-learn;MLOps;Computer Vision,11,AI/ML Engineer,Intermediate
STD_0536,BCA / MCA Computer Applications,0.2,0,0,Pandas;Problem Solving;Data Visualization;Statistics,4,Data Analyst,Beginner
STD_1079,B.Tech Information Technology,0.4,0,0,Statistics;Problem Solving;Communication;Threat Detection;Vulnerability Assessment,5,Cybersecurity Analyst,Beginner
STD_1177,B.E. Computer Science and Engineering,1.0,2,3,Python;Cryptography;Linux;Ethical Hacking;SIEM;Security Tools;Cybersecurity Fundamentals;Networking;Vulnerability Assessment,9,Cybersecurity Analyst,Intermediate
STD_1107,M.Tech Data Science & AI,0.9,2,2,Threat Detection;Cybersecurity Fundamentals;SIEM;Python;Vulnerability Assessment;Security Tools,6,Cybersecurity Analyst,Developing
STD_0983,B.E. Computer Science and Engineering,1.9,5,3,Git;C++;Problem Solving;REST API;SQL;Python;Linux;Algorithms;Docker;Data Structures;CI/CD;Java,12,Software Developer,Job Ready
STD_0286,B.Tech Information Technology,0.0,1,1,PyTorch;SQL;Communication;NumPy;Probability;Pandas;Deep Learning,7,Data Scientist,Beginner
STD_0868,B.E. Computer Science and Engineering,1.1,1,2,Excel;Docker;Pandas;Agile;Java;JavaScript;Data Structures;OOP;C++,9,Software Developer,Developing
STD_0375,B.Tech Information Technology,0.3,1,1,Python;Data Visualization;NLP;Pandas,4,Data Scientist,Beginner
STD_1197,B.E. Computer Science and Engineering,3.6,6,2,Security Tools;Python;Cybersecurity Fundamentals;Ethical Hacking;Threat Detection;Cryptography;SIEM;Problem Solving;Vulnerability Assessment;Networking;Linux,11,Cybersecurity Analyst,Job Ready
STD_0032,B.E. Electronics and Communication,1.2,2,1,TensorFlow;SQL;Scikit-learn;Computer Vision;NumPy,5,AI/ML Engineer,Developing
STD_0552,B.E. Computer Science and Engineering,0.1,0,1,SQL;Python,2,Data Analyst,Beginner
STD_0211,B.E. Electronics and Communication,0.1,0,1,Computer Vision,1,AI/ML Engineer,Beginner
STD_1047,B.Tech Artificial Intelligence and Data Science,0.3,0,0,Cybersecurity Fundamentals;Git;Python,3,Cybersecurity Analyst,Beginner
STD_0924,B.E. Electronics and Communication,3.4,4,4,Java;Data Structures;Git;C++;Problem Solving;Python;Algorithms;OOP;Docker;REST API;CI/CD;Cybersecurity Fundamentals,12,Software Developer,Job Ready
STD_0810,B.E. Computer Science and Engineering,1.2,3,3,JavaScript;Git;C++;SQL;CI/CD;Data Structures;Algorithms;Java;Communication;Linux,10,Software Developer,Intermediate
STD_0618,B.E. Electronics and Communication,0.5,1,2,Data Cleaning;Data Visualization;Problem Solving;Excel;Git,5,Data Analyst,Developing
STD_0933,B.E. Computer Science and Engineering,2.2,5,4,CI/CD;JavaScript;Algorithms;REST API;OOP;C++;Linux;Agile;NumPy;Docker;Python;Git;Data Structures;Communication;SQL,15,Software Developer,Job Ready
STD_0620,B.Tech Information Technology,1.0,2,2,SQL;Tableau;Pandas;Problem Solving;Communication;Probability;Power BI;Machine Learning;Data Visualization;Statistics;Excel,11,Data Analyst,Intermediate
STD_0189,B.E. Electronics and Communication,1.5,2,2,Cloud Fundamentals;Computer Vision;NumPy;Deep Learning;PyTorch;Scikit-learn;Pandas;Machine Learning;Model Deployment;SQL,10,AI/ML Engineer,Intermediate
STD_0711,M.Tech Data Science & AI,0.5,2,0,Python;Data Cleaning;Pandas;Communication;Excel,5,Data Analyst,Developing
STD_0937,BCA / MCA Computer Applications,0.8,1,0,OOP;Deep Learning;Algorithms;SQL;Problem Solving;C++;Docker;PyTorch;REST API,9,Software Developer,Developing
STD_1169,B.E. Computer Science and Engineering,3.4,3,4,Networking;Communication;Cryptography;Python;Ethical Hacking;Cybersecurity Fundamentals;Linux;Threat Detection;Vulnerability Assessment;Git,10,Cybersecurity Analyst,Job Ready
STD_1220,B.E. Electronics and Communication,1.3,3,1,Communication;Ethical Hacking;SIEM;Git;Threat Detection;Security Tools;Python;Problem Solving;Networking;Cybersecurity Fundamentals,10,Cybersecurity Analyst,Intermediate
STD_1098,B.E. Electronics and Communication,1.9,4,3,Problem Solving;Cryptography;Ethical Hacking;Git;Linux;SIEM;Cybersecurity Fundamentals;Python;Security Tools;Communication,10,Cybersecurity Analyst,Intermediate
STD_0902,B.E. Electronics and Communication,2.0,4,1,C++;Git;Linux;Docker;OOP;Data Structures;JavaScript;Python,8,Software Developer,Intermediate
STD_0084,B.E. Electronics and Communication,1.3,4,2,Computer Vision;PyTorch;Probability;Pandas;Machine Learning;TensorFlow;Git;Problem Solving;Cloud Fundamentals,9,AI/ML Engineer,Intermediate
STD_0702,B.E. Computer Science and Engineering,2.9,5,2,Tableau;Excel;Communication;Data Cleaning;Problem Solving;Power BI;SQL;Git;Probability;Python;Pandas;Data Visualization,12,Data Analyst,Job Ready
STD_0049,B.Tech Information Technology,0.2,0,1,NumPy;Deep Learning,2,AI/ML Engineer,Beginner
STD_1284,B.E. Electronics and Communication,0.6,2,1,CI/CD;Linux;Docker;Kubernetes;Cloud Fundamentals;Git;AWS,7,Cloud Engineer,Developing
STD_0156,B.Tech Information Technology,1.6,2,3,Pandas;Machine Learning;Git;Python;NLP;OOP;Model Deployment;Deep Learning;SQL;Scikit-learn;Docker;Computer Vision;Cloud Fundamentals,13,AI/ML Engineer,Intermediate
STD_1152,BCA / MCA Computer Applications,1.3,2,1,Vulnerability Assessment;SIEM;Cybersecurity Fundamentals;Security Tools;Problem Solving;Communication;Kubernetes;Linux;Python;Cryptography;Ethical Hacking;Networking,12,Cybersecurity Analyst,Intermediate
STD_1142,BCA / MCA Computer Applications,0.1,1,0,Problem Solving;Cybersecurity Fundamentals;Excel;Git,4,Cybersecurity Analyst,Beginner
STD_0975,B.Tech Information Technology,0.5,0,1,Algorithms;REST API;JavaScript,3,Software Developer,Beginner
STD_1058,M.Tech Data Science & AI,2.5,3,2,Git;Cryptography;Linux;Communication;Vulnerability Assessment;SIEM;Security Tools;Threat Detection;Networking;Ethical Hacking;Problem Solving;Python,12,Cybersecurity Analyst,Job Ready
STD_0808,B.Tech Artificial Intelligence and Data Science,0.8,1,1,Git;Java;Data Structures;TensorFlow;Problem Solving;REST API;CI/CD;Machine Learning;Communication;SQL,10,Software Developer,Developing
STD_1230,M.Tech Data Science & AI,0.4,1,0,Problem Solving;Threat Detection;Machine Learning;Communication,4,Cybersecurity Analyst,Beginner
STD_1481,B.E. Computer Science and Engineering,0.3,1,0,Docker,1,Cloud Engineer,Beginner
STD_1437,M.Tech Data Science & AI,0.8,1,0,Docker;Python;CI/CD;AWS;Security Tools;Git,6,Cloud Engineer,Developing
STD_0180,BCA / MCA Computer Applications,3.4,3,4,Machine Learning;MLOps;Git;PyTorch;Docker;Pandas;Computer Vision;Deep Learning;Cloud Fundamentals;Scikit-learn;Problem Solving;Statistics;NLP;Python;NumPy;TensorFlow;Model Deployment;SQL,18,AI/ML Engineer,Job Ready
STD_1356,BCA / MCA Computer Applications,2.3,6,3,Python;Security Tools;Virtualization;GCP;Docker;Linux;AWS;Kubernetes;Git;Cloud Fundamentals,10,Cloud Engineer,Job Ready
STD_1247,B.Tech Information Technology,1.6,4,4,Python;Security Tools;Networking;Threat Detection;Vulnerability Assessment;Cybersecurity Fundamentals;Cryptography;Git;Problem Solving;Communication;SIEM,11,Cybersecurity Analyst,Job Ready
STD_1041,M.Tech Data Science & AI,0.9,3,3,Ethical Hacking;SIEM;Cryptography;Git;Communication;Cybersecurity Fundamentals;Threat Detection;Vulnerability Assessment;Security Tools;Python;Networking,11,Cybersecurity Analyst,Intermediate
STD_0950,M.Tech Data Science & AI,0.3,2,1,OOP;REST API;Algorithms;CI/CD;Communication;Git,6,Software Developer,Developing
STD_0817,B.E. Electronics and Communication,1.0,2,0,Data Structures;Docker;OOP;CI/CD;SQL,5,Software Developer,Developing
STD_0364,B.E. Computer Science and Engineering,2.0,3,1,NumPy;Probability;NLP;Statistics;Data Cleaning;Problem Solving;Pandas;SQL;Scikit-learn;Python,10,Data Scientist,Intermediate
STD_1178,B.E. Electronics and Communication,2.1,2,1,Threat Detection;Communication;Git;Cybersecurity Fundamentals;Problem Solving;SIEM;Cryptography;Security Tools;Python;Ethical Hacking;Linux;NumPy,12,Cybersecurity Analyst,Intermediate
STD_1199,M.Tech Data Science & AI,1.9,4,3,Cryptography;Threat Detection;Communication;JavaScript;Cybersecurity Fundamentals;Python;Git;Vulnerability Assessment;Security Tools;Ethical Hacking;REST API,11,Cybersecurity Analyst,Intermediate
STD_0347,B.E. Computer Science and Engineering,2.2,4,3,Deep Learning;Data Visualization;Pandas;SQL;Data Cleaning;Python;Scikit-learn;Problem Solving;Machine Learning;NumPy;Statistics;Probability;Feature Engineering;Java,14,Data Scientist,Job Ready
STD_1011,B.Tech Artificial Intelligence and Data Science,2.1,4,2,Vulnerability Assessment;Networking;Linux;Security Tools;Threat Detection;Cryptography;Cybersecurity Fundamentals;Communication;Python;Problem Solving;SIEM,11,Cybersecurity Analyst,Job Ready
STD_0615,B.Tech Information Technology,0.9,1,0,Communication;Statistics;Python;Data Cleaning;Probability;SQL;Problem Solving,7,Data Analyst,Developing
STD_0966,BCA / MCA Computer Applications,3.2,6,3,C++;Data Structures;SQL;Agile;Linux;Git;REST API;Docker;Python;JavaScript;Java;Communication;Algorithms;OOP,14,Software Developer,Job Ready
STD_1274,B.E. Electronics and Communication,0.2,0,1,GCP;Azure;Kubernetes,3,Cloud Engineer,Beginner
STD_0590,B.Tech Artificial Intelligence and Data Science,1.8,3,3,Python;Data Cleaning;Problem Solving;Data Visualization;Communication;SQL;Statistics;Tableau;Probability;Pandas,10,Data Analyst,Intermediate
STD_1289,B.Tech Artificial Intelligence and Data Science,0.6,2,1,Linux;Security Tools;Docker;CI/CD;Problem Solving;Virtualization,6,Cloud Engineer,Developing
STD_0632,B.Tech Information Technology,1.7,4,2,Data Cleaning;Pandas;Tableau;Python;Data Visualization;Power BI;Git;SQL,8,Data Analyst,Intermediate
STD_0244,B.Tech Information Technology,1.0,1,2,NLP;Deep Learning;JavaScript;C++;TensorFlow;Docker;Computer Vision;Machine Learning;Statistics,9,AI/ML Engineer,Developing
STD_1375,B.E. Electronics and Communication,0.4,1,2,CI/CD;Networking;Virtualization;Threat Detection;Cloud Fundamentals,5,Cloud Engineer,Developing
STD_1452,B.E. Electronics and Communication,0.2,0,1,Networking;Git;Azure,3,Cloud Engineer,Beginner
STD_0765,BCA / MCA Computer Applications,1.8,2,1,Docker;Git;JavaScript;Statistics;Data Structures;REST API;C++;CI/CD;Problem Solving;Python;Agile;OOP,12,Software Developer,Intermediate
STD_0988,B.Tech Information Technology,0.4,2,0,Data Structures;Python;C++;Data Cleaning;Problem Solving;Agile;Git,7,Software Developer,Developing
STD_0412,B.E. Computer Science and Engineering,0.4,1,0,Machine Learning,1,Data Scientist,Beginner
STD_1421,BCA / MCA Computer Applications,0.7,2,2,Docker;CI/CD;Linux;Networking;Kubernetes,5,Cloud Engineer,Developing
STD_1226,M.Tech Data Science & AI,0.3,1,1,Cryptography;Vulnerability Assessment;Git,3,Cybersecurity Analyst,Beginner
STD_0309,B.Tech Artificial Intelligence and Data Science,1.4,2,3,Power BI;Pandas;Probability;Git;Data Visualization;Machine Learning;Data Cleaning;Feature Engineering;NumPy;NLP;Problem Solving;SQL,12,Data Scientist,Intermediate
STD_0882,BCA / MCA Computer Applications,1.9,3,1,JavaScript;CI/CD;Problem Solving;Data Structures;REST API;Algorithms;Linux;Docker;Java;Communication;C++;SQL,12,Software Developer,Intermediate
STD_0399,B.Tech Information Technology,2.6,4,3,SQL;NumPy;Data Visualization;Pandas;Statistics;Git;Machine Learning;Data Cleaning;Problem Solving;Communication;Python;Probability;Deep Learning;Feature Engineering;Excel;Scikit-learn,16,Data Scientist,Job Ready
STD_0371,B.E. Electronics and Communication,0.7,2,2,Machine Learning;Git;Power BI;Pandas;Data Visualization,5,Data Scientist,Developing
STD_0055,B.E. Computer Science and Engineering,1.6,4,3,NLP;Statistics;Model Deployment;TensorFlow;Pandas;NumPy;Cloud Fundamentals;Deep Learning;Scikit-learn,9,AI/ML Engineer,Intermediate
STD_1339,B.E. Electronics and Communication,0.8,1,0,Networking;Kubernetes;Python;Azure;Cloud Fundamentals,5,Cloud Engineer,Developing
STD_1183,BCA / MCA Computer Applications,1.5,2,3,Cybersecurity Fundamentals;Python;Vulnerability Assessment;Cryptography;Communication;Kubernetes;Ethical Hacking;Docker;Networking;SIEM;Problem Solving,11,Cybersecurity Analyst,Intermediate
STD_0313,B.Tech Artificial Intelligence and Data Science,3.5,6,2,Probability;Deep Learning;Pandas;Feature Engineering;Kubernetes;Statistics;Machine Learning;Communication;Scikit-learn;Problem Solving;Data Visualization;Python;SQL;Data Cleaning;Virtualization;NumPy,16,Data Scientist,Job Ready
STD_0922,M.Tech Data Science & AI,0.5,0,1,Agile;Deep Learning;Git,3,Software Developer,Beginner
STD_0110,B.E. Electronics and Communication,0.5,2,2,Pandas;Python;Deep Learning;TensorFlow;Docker;Model Deployment;Scikit-learn,7,AI/ML Engineer,Developing
STD_0719,B.E. Electronics and Communication,1.4,2,3,Problem Solving;Power BI;Communication;PyTorch;Python;Probability;Excel;Pandas;Data Visualization;SQL;Git;Statistics,12,Data Analyst,Intermediate
STD_0692,B.Tech Artificial Intelligence and Data Science,1.0,1,1,Statistics;SQL;Tableau;Problem Solving;Excel,5,Data Analyst,Developing
STD_0101,BCA / MCA Computer Applications,3.0,5,3,Statistics;Docker;SQL;Machine Learning;MLOps;PyTorch;Cloud Fundamentals;NLP;Scikit-learn;TensorFlow;Deep Learning;Git;Computer Vision;Pandas;Problem Solving;Python;NumPy,17,AI/ML Engineer,Job Ready
STD_1126,B.Tech Artificial Intelligence and Data Science,2.8,6,2,Ethical Hacking;Python;SIEM;Vulnerability Assessment;Git;Linux;Threat Detection;Security Tools;Cybersecurity Fundamentals;Networking;Communication;Cryptography;Pandas,13,Cybersecurity Analyst,Job Ready
STD_0670,BCA / MCA Computer Applications,0.4,1,1,Data Cleaning;NLP;Pandas;Excel;Communication;Data Visualization;Python,7,Data Analyst,Developing
STD_1376,BCA / MCA Computer Applications,0.8,2,0,Problem Solving;Cybersecurity Fundamentals;Networking;Kubernetes;Cloud Fundamentals;Threat Detection;CI/CD;Python;AWS,9,Cloud Engineer,Developing
STD_0267,B.E. Computer Science and Engineering,0.4,1,0,Data Visualization;Problem Solving;Deep Learning,3,Data Scientist,Beginner
STD_0679,BCA / MCA Computer Applications,1.9,3,1,Power BI;Cybersecurity Fundamentals;Probability;Tableau;Git;SQL;Statistics;Excel;Python,9,Data Analyst,Intermediate
STD_0297,B.E. Computer Science and Engineering,0.4,0,0,Machine Learning;NumPy;Probability;SQL,4,Data Scientist,Beginner
STD_0530,B.Tech Artificial Intelligence and Data Science,0.0,0,0,Python,1,Data Analyst,Beginner
STD_0945,B.E. Electronics and Communication,2.2,2,1,Agile;REST API;Algorithms;Problem Solving;OOP;Git;Data Structures;Computer Vision;Docker;Communication;CI/CD,11,Software Developer,Intermediate
STD_1014,BCA / MCA Computer Applications,1.8,6,3,Problem Solving;Cloud Fundamentals;Linux;SIEM;Vulnerability Assessment;Cryptography;Networking;Git;Cybersecurity Fundamentals;AWS;Security Tools;Communication;Ethical Hacking;Threat Detection,14,Cybersecurity Analyst,Job Ready
STD_0951,B.Tech Information Technology,0.6,1,1,Java;Agile;Data Structures;OOP,4,Software Developer,Developing
STD_0378,BCA / MCA Computer Applications,0.3,0,0,Excel;Scikit-learn;Data Cleaning;Machine Learning,4,Data Scientist,Beginner
STD_0287,M.Tech Data Science & AI,2.2,4,3,Feature Engineering;SQL;Probability;Python;NLP;Computer Vision;NumPy;Communication;Data Visualization;Problem Solving;Scikit-learn,11,Data Scientist,Intermediate
STD_1439,M.Tech Data Science & AI,0.2,0,1,Kubernetes;AWS;Python,3,Cloud Engineer,Beginner
STD_0731,B.E. Computer Science and Engineering,2.0,4,1,Statistics;Pandas;Excel;Data Visualization;Power BI;Python;Tableau;SQL;Git,9,Data Analyst,Intermediate
STD_0127,B.Tech Artificial Intelligence and Data Science,1.9,4,1,NLP;Problem Solving;Docker;Machine Learning;Statistics;MLOps;Scikit-learn;Deep Learning;Pandas;Linux;PyTorch;Python,12,AI/ML Engineer,Intermediate
STD_0328,B.E. Computer Science and Engineering,0.3,1,1,Communication;Machine Learning;Pandas;Probability,4,Data Scientist,Beginner
STD_0293,B.Tech Information Technology,0.2,2,2,Machine Learning;SQL;Probability;Communication;NLP;Pandas;Scikit-learn,7,Data Scientist,Developing
STD_0549,B.E. Electronics and Communication,1.0,3,3,SQL;Statistics;Data Visualization;Data Cleaning;PyTorch;Pandas;Git;Deep Learning;Power BI;Tableau,10,Data Analyst,Intermediate
STD_0728,B.E. Electronics and Communication,0.3,0,1,Statistics;Linux;Git;Data Visualization;Communication;SQL,6,Data Analyst,Beginner
STD_0909,B.E. Electronics and Communication,0.9,2,1,Docker;Java;Data Structures;Linux;Algorithms;SQL;Git;Python,8,Software Developer,Intermediate
STD_0356,B.Tech Information Technology,1.2,1,1,SQL;Scikit-learn;Data Cleaning;Statistics;Python,5,Data Scientist,Developing
STD_0171,M.Tech Data Science & AI,2.7,3,2,Statistics;PyTorch;TensorFlow;MLOps;Computer Vision;Linux;Machine Learning;Cloud Fundamentals;SQL;NumPy;Python;Docker;Pandas;Problem Solving;Deep Learning;Git;Scikit-learn,17,AI/ML Engineer,Job Ready
STD_0967,BCA / MCA Computer Applications,2.5,3,2,Networking;JavaScript;Docker;Vulnerability Assessment;Git;SQL;Linux;Algorithms;Agile;Java;REST API;C++,12,Software Developer,Job Ready
STD_1134,M.Tech Data Science & AI,2.2,3,2,Linux;Cybersecurity Fundamentals;SIEM;Security Tools;Ethical Hacking;PyTorch;Vulnerability Assessment;Python;Cryptography;Threat Detection;Communication,11,Cybersecurity Analyst,Job Ready
STD_0652,M.Tech Data Science & AI,1.5,4,3,Statistics;Data Visualization;Probability;Excel;Git;Data Cleaning;Communication;SQL;Tableau,9,Data Analyst,Intermediate
STD_0210,B.E. Electronics and Communication,0.8,1,2,Docker;Scikit-learn;Deep Learning;MLOps;Python;TensorFlow;Cybersecurity Fundamentals;Machine Learning,8,AI/ML Engineer,Developing
STD_1398,B.E. Electronics and Communication,0.9,1,1,AWS;GCP;Kubernetes;Linux;Python;Networking;Problem Solving;Security Tools;Algorithms;SQL,10,Cloud Engineer,Developing
STD_0141,BCA / MCA Computer Applications,0.5,0,0,Model Deployment;PyTorch;Machine Learning;NLP,4,AI/ML Engineer,Beginner
STD_1084,B.Tech Information Technology,1.1,2,1,TensorFlow;Security Tools;Cybersecurity Fundamentals;Ethical Hacking;Python;Problem Solving;Networking;Communication;Linux,9,Cybersecurity Analyst,Developing
STD_0991,M.Tech Data Science & AI,0.4,1,0,Data Structures;Python;C++;Statistics,4,Software Developer,Beginner
STD_0651,B.Tech Artificial Intelligence and Data Science,0.0,0,1,Excel;Power BI;SQL;Problem Solving;Probability,5,Data Analyst,Beginner
STD_1189,BCA / MCA Computer Applications,2.2,4,3,Networking;Communication;Problem Solving;Cryptography;Threat Detection;Ethical Hacking;Python;Vulnerability Assessment,8,Cybersecurity Analyst,Intermediate
STD_1499,B.E. Computer Science and Engineering,3.4,3,3,GCP;CI/CD;Python;Cloud Fundamentals;Security Tools;Virtualization;Git;Kubernetes;Networking;Problem Solving;AWS;Docker,12,Cloud Engineer,Job Ready
STD_0486,B.Tech Information Technology,2.7,4,4,NumPy;Data Cleaning;Machine Learning;Probability;Python;Pandas;Excel;Git;Feature Engineering;Communication;Scikit-learn;SQL;NLP;Data Visualization;Statistics,15,Data Scientist,Job Ready
STD_0528,BCA / MCA Computer Applications,0.8,1,0,Statistics;Machine Learning;Data Cleaning;Power BI;Problem Solving,5,Data Analyst,Developing
STD_0200,B.E. Electronics and Communication,2.1,3,3,NLP;MLOps;Python;PyTorch;Problem Solving;Computer Vision;Git;SQL;Pandas,9,AI/ML Engineer,Intermediate
STD_0890,B.E. Computer Science and Engineering,0.9,4,3,Algorithms;Java;JavaScript;Problem Solving;Agile;Communication;Data Structures;OOP;C++;Docker;CI/CD;SQL,12,Software Developer,Intermediate
STD_0845,BCA / MCA Computer Applications,1.8,2,2,Linux;Java;C++;Agile;REST API;Git;Docker;OOP;Scikit-learn;Python;SQL,11,Software Developer,Intermediate
STD_1069,B.Tech Information Technology,1.3,2,2,Git;Cryptography;Python;Networking;REST API;Security Tools;Problem Solving;Vulnerability Assessment;Cybersecurity Fundamentals;Linux,10,Cybersecurity Analyst,Intermediate
STD_1206,B.E. Electronics and Communication,0.5,1,0,Problem Solving;Security Tools;Python;Communication;Linux,5,Cybersecurity Analyst,Developing
STD_1055,B.Tech Information Technology,3.4,6,3,Linux;Threat Detection;SIEM;Cybersecurity Fundamentals;Networking;Problem Solving;Git;Security Tools;Python;Communication;Cryptography;Ethical Hacking,12,Cybersecurity Analyst,Job Ready
STD_0011,B.Tech Artificial Intelligence and Data Science,0.9,4,2,Computer Vision;SQL;Statistics;NLP;TensorFlow;Scikit-learn;Python;Deep Learning;MLOps,9,AI/ML Engineer,Intermediate
STD_0148,M.Tech Data Science & AI,2.0,3,1,Cloud Fundamentals;Machine Learning;Probability;Python;Model Deployment;PyTorch;TensorFlow;Problem Solving;SQL;Scikit-learn,10,AI/ML Engineer,Intermediate
STD_0722,B.Tech Artificial Intelligence and Data Science,1.7,4,1,Excel;Pandas;SQL;Statistics;Power BI;Data Cleaning;Tableau;Git;JavaScript;Probability;Python,11,Data Analyst,Intermediate
STD_0283,M.Tech Data Science & AI,2.0,4,3,Excel;Data Visualization;Pandas;Deep Learning;Problem Solving;NLP;NumPy;SQL;Machine Learning;Git;Python;Scikit-learn;Data Cleaning;Probability;Communication;Feature Engineering;Statistics,17,Data Scientist,Job Ready
STD_0299,B.Tech Artificial Intelligence and Data Science,2.0,4,3,Data Visualization;Data Cleaning;NumPy;Probability;Machine Learning;SQL;NLP;Feature Engineering;Communication;Python;Scikit-learn;Problem Solving;Excel;Pandas,14,Data Scientist,Job Ready
STD_0614,B.Tech Information Technology,0.5,2,1,Tableau;Excel;Data Visualization;Power BI;Pandas,5,Data Analyst,Developing
STD_0292,BCA / MCA Computer Applications,0.8,2,2,Pandas;Data Visualization;Statistics;Python;Feature Engineering;Probability;Excel,7,Data Scientist,Developing
STD_0650,B.Tech Information Technology,1.0,2,1,Excel;Data Cleaning;Problem Solving;Tableau;Statistics;Pandas,6,Data Analyst,Developing
STD_0599,B.E. Computer Science and Engineering,2.9,6,4,Statistics;Excel;Pandas;SQL;Git;Python;Probability;Data Cleaning;Data Visualization;Power BI;Communication;Problem Solving;Tableau,13,Data Analyst,Job Ready
STD_1044,B.Tech Information Technology,1.1,3,3,Vulnerability Assessment;Networking;Python;Security Tools;Cybersecurity Fundamentals;Ethical Hacking;Linux;Problem Solving,8,Cybersecurity Analyst,Intermediate
STD_0553,B.E. Electronics and Communication,0.5,1,1,SQL;Power BI;Communication;Probability;Problem Solving;Data Visualization,6,Data Analyst,Developing
STD_1299,BCA / MCA Computer Applications,1.0,2,1,NLP;Cloud Fundamentals;Python;Security Tools;Scikit-learn;GCP;Networking;Problem Solving,8,Cloud Engineer,Developing
STD_0130,B.E. Computer Science and Engineering,2.9,3,3,NLP;Statistics;Model Deployment;Data Structures;NumPy;Deep Learning;Git;Cloud Fundamentals;Docker;TensorFlow;PyTorch;Problem Solving;Python;Pandas,14,AI/ML Engineer,Job Ready
STD_1062,BCA / MCA Computer Applications,1.2,1,1,Python;TensorFlow;Linux;Cryptography;Vulnerability Assessment;Communication;SIEM,7,Cybersecurity Analyst,Developing
STD_0332,B.E. Computer Science and Engineering,0.2,1,0,Statistics;Scikit-learn;SQL,3,Data Scientist,Beginner
STD_0324,B.E. Electronics and Communication,1.0,3,2,Probability;Statistics;Data Cleaning;NumPy;Machine Learning;Data Visualization;Git;Excel;Python,9,Data Scientist,Intermediate
STD_0681,B.E. Electronics and Communication,1.3,3,3,SQL;Power BI;Excel;Statistics;Data Visualization;Pandas;Tableau;Problem Solving;Git;Data Cleaning;Probability;Java,12,Data Analyst,Intermediate
STD_0479,B.E. Computer Science and Engineering,1.4,2,2,Pandas;Git;NumPy;Scikit-learn;SQL;Python;Excel;Data Cleaning,8,Data Scientist,Intermediate
STD_0562,BCA / MCA Computer Applications,2.6,3,2,Power BI;Git;Excel;Probability;Data Visualization;SQL;Pandas;Statistics;Communication;Data Cleaning,10,Data Analyst,Job Ready
STD_0136,M.Tech Data Science & AI,1.2,2,2,Scikit-learn;Problem Solving;NLP;Excel;NumPy,5,AI/ML Engineer,Developing
STD_0507,B.E. Computer Science and Engineering,0.8,1,0,Pandas;Power BI;Data Visualization;Excel;SQL;Communication,6,Data Analyst,Developing
STD_0514,BCA / MCA Computer Applications,0.4,2,0,Communication;Python;SQL;Power BI;Git;Tableau;Data Visualization,7,Data Analyst,Developing
STD_1372,B.E. Electronics and Communication,3.0,3,4,Git;Security Tools;Networking;Cloud Fundamentals;AWS;Docker;Kubernetes;Linux;Python;GCP,10,Cloud Engineer,Job Ready
STD_0436,B.E. Electronics and Communication,1.0,3,3,NumPy;Statistics;Scikit-learn;Python;Pandas;Cryptography;Data Visualization;Excel;Threat Detection;Deep Learning,10,Data Scientist,Intermediate
STD_0874,B.E. Electronics and Communication,0.3,1,0,Algorithms;SQL;Java;Docker;C++,5,Software Developer,Developing
STD_1463,M.Tech Data Science & AI,0.3,1,1,Security Tools;Azure;Linux;Cloud Fundamentals;Virtualization;Docker;Python,7,Cloud Engineer,Developing
STD_0753,B.E. Electronics and Communication,1.7,4,2,CI/CD;JavaScript;C++;REST API;Java;Communication;Data Structures,7,Software Developer,Intermediate
STD_0666,BCA / MCA Computer Applications,1.7,2,1,Pandas;Problem Solving;Statistics;Git;Excel;Probability;Python;Data Visualization;Linux;Data Cleaning,10,Data Analyst,Intermediate
STD_0159,B.Tech Information Technology,1.1,2,0,Docker;PyTorch;NumPy;SQL;Computer Vision;NLP,6,AI/ML Engineer,Developing
STD_1254,B.Tech Information Technology,0.9,4,1,Docker;Virtualization;Problem Solving;Kubernetes;Python;Linux;Pandas;Git;Azure,9,Cloud Engineer,Intermediate
STD_1293,B.E. Electronics and Communication,0.8,2,2,Docker;Probability;Networking;Python;Virtualization;AWS;Azure;CI/CD,8,Cloud Engineer,Developing
STD_0576,B.Tech Artificial Intelligence and Data Science,2.0,3,3,SQL;Git;Tableau;Pandas;Data Visualization;Communication;Statistics;Data Cleaning;Problem Solving;Excel;Probability;Python;Power BI,13,Data Analyst,Job Ready
STD_0353,B.E. Electronics and Communication,2.0,4,4,Git;Excel;Statistics;Data Visualization;Probability;Python;Scikit-learn;Pandas;Feature Engineering;Data Cleaning;NLP;NumPy;SQL;Communication;Machine Learning;Problem Solving,16,Data Scientist,Job Ready
STD_0938,B.Tech Information Technology,0.6,2,1,C++;Statistics;Data Visualization;Java;Git;Problem Solving;Docker,7,Software Developer,Developing
STD_1296,B.E. Electronics and Communication,1.5,2,1,Linux;CI/CD;Git;Virtualization;Problem Solving;Networking;Cloud Fundamentals;Security Tools;Kubernetes,9,Cloud Engineer,Intermediate
STD_1393,B.Tech Artificial Intelligence and Data Science,2.0,2,3,Security Tools;Python;Problem Solving;Kubernetes;Cloud Fundamentals;AWS;Docker;CI/CD;Azure;Virtualization,10,Cloud Engineer,Intermediate
STD_1301,B.E. Electronics and Communication,0.4,1,0,Linux;Virtualization;Cloud Fundamentals,3,Cloud Engineer,Beginner
STD_0592,B.E. Computer Science and Engineering,1.3,2,2,Problem Solving;Power BI;Python;Pandas;Data Cleaning;Probability;Data Visualization;Statistics;Excel;Communication;Tableau,11,Data Analyst,Intermediate
STD_0665,M.Tech Data Science & AI,0.2,2,0,TensorFlow;Probability;Python;Tableau;Deep Learning;Power BI;Statistics,7,Data Analyst,Developing
STD_0196,M.Tech Data Science & AI,0.3,2,1,Python;Deep Learning;Statistics;NLP;Scikit-learn;Pandas,6,AI/ML Engineer,Developing
STD_1241,M.Tech Data Science & AI,1.8,4,2,Networking;Git;SIEM;Linux;Vulnerability Assessment;Security Tools;Ethical Hacking;Communication;Threat Detection;Python,10,Cybersecurity Analyst,Intermediate
STD_1049,B.Tech Artificial Intelligence and Data Science,2.2,4,1,Networking;Cybersecurity Fundamentals;Python;Git;Security Tools;Problem Solving;Linux;SIEM;Cryptography;Vulnerability Assessment,10,Cybersecurity Analyst,Intermediate
STD_0439,B.E. Computer Science and Engineering,1.9,3,3,NLP;Statistics;Probability;Data Cleaning;Deep Learning;Feature Engineering;Scikit-learn;SQL;NumPy;Machine Learning,10,Data Scientist,Intermediate
STD_1436,B.Tech Information Technology,2.9,5,3,AWS;GCP;Cloud Fundamentals;CI/CD;Networking;Docker;Linux;Python;Virtualization;Kubernetes;Security Tools;Problem Solving;Azure,13,Cloud Engineer,Job Ready
STD_0644,B.Tech Information Technology,1.9,4,2,Git;Pandas;Data Cleaning;Probability;Python;SQL;Statistics;Communication;Tableau;Problem Solving,10,Data Analyst,Intermediate
STD_0097,BCA / MCA Computer Applications,0.7,2,0,Computer Vision;Data Visualization;MLOps;NLP;Deep Learning,5,AI/ML Engineer,Developing
STD_0585,M.Tech Data Science & AI,0.9,2,1,Data Cleaning;Power BI;Data Visualization;Excel;Python;Problem Solving,6,Data Analyst,Developing
STD_1215,BCA / MCA Computer Applications,1.9,4,3,Ethical Hacking;Vulnerability Assessment;Communication;Networking;Cryptography;Threat Detection;Linux;Pandas;SIEM,9,Cybersecurity Analyst,Intermediate
STD_0157,B.E. Electronics and Communication,0.8,1,1,Cloud Fundamentals;Pandas;Scikit-learn;Deep Learning;NLP;PyTorch,6,AI/ML Engineer,Developing
STD_0420,B.Tech Artificial Intelligence and Data Science,1.2,1,2,Data Visualization;SQL;Machine Learning;Problem Solving;NLP,5,Data Scientist,Developing
STD_0411,M.Tech Data Science & AI,1.0,2,1,Machine Learning;NLP;Deep Learning;SQL;NumPy;Probability,6,Data Scientist,Developing
STD_1223,B.Tech Information Technology,0.1,1,1,Cybersecurity Fundamentals;Vulnerability Assessment;Python,3,Cybersecurity Analyst,Beginner
STD_0478,B.Tech Information Technology,0.2,1,0,Deep Learning;Statistics;Python;Data Cleaning;Data Structures;Pandas,6,Data Scientist,Developing
STD_0515,B.E. Computer Science and Engineering,0.6,1,2,Statistics;Pandas;SQL;Problem Solving;Data Cleaning;Communication;Git,7,Data Analyst,Developing
STD_1286,B.E. Electronics and Communication,1.1,2,0,Algorithms;Docker;Problem Solving;Python;GCP;CI/CD;Virtualization;C++;AWS,9,Cloud Engineer,Developing
STD_1454,B.Tech Artificial Intelligence and Data Science,1.3,3,1,Docker;Problem Solving;Security Tools;Data Visualization;CI/CD;Power BI;Python;Virtualization;Networking;Kubernetes;Linux;Cloud Fundamentals,12,Cloud Engineer,Intermediate
STD_1119,B.Tech Artificial Intelligence and Data Science,0.3,1,0,Python;Linux;Cryptography;Git;Ethical Hacking;SIEM;Networking;Threat Detection,8,Cybersecurity Analyst,Developing
STD_0448,B.E. Electronics and Communication,2.0,3,4,NLP;Pandas;Machine Learning;Git;SQL;Deep Learning;Python;Cybersecurity Fundamentals;Statistics;NumPy;Security Tools;Probability,12,Data Scientist,Job Ready
STD_0179,B.E. Computer Science and Engineering,2.1,2,2,Computer Vision;Machine Learning;SQL;Problem Solving;NLP;Pandas;Python;MLOps;Statistics;NumPy;PyTorch;Model Deployment,12,AI/ML Engineer,Intermediate
STD_0391,BCA / MCA Computer Applications,0.6,1,1,Deep Learning;Pandas;NumPy;SQL;Scikit-learn;Feature Engineering;Communication,7,Data Scientist,Developing
STD_1290,M.Tech Data Science & AI,1.0,2,2,Git;Networking;Python;Kubernetes;Docker;Data Visualization,6,Cloud Engineer,Developing
STD_1308,B.E. Electronics and Communication,0.8,2,0,Security Tools;CI/CD;Docker;Azure;Kubernetes;Cloud Fundamentals,6,Cloud Engineer,Developing
STD_1367,BCA / MCA Computer Applications,2.2,3,3,Linux;Kubernetes;Python;Networking;AWS;Azure;Docker;Vulnerability Assessment;CI/CD,9,Cloud Engineer,Intermediate
STD_1048,M.Tech Data Science & AI,0.6,2,0,Python;SIEM;Linux;Security Tools;Cryptography;Networking,6,Cybersecurity Analyst,Developing
STD_1143,B.Tech Artificial Intelligence and Data Science,0.3,1,1,Networking;Problem Solving;Threat Detection;Git;Python;Ethical Hacking,6,Cybersecurity Analyst,Developing
STD_0635,BCA / MCA Computer Applications,0.1,0,0,Data Cleaning;Excel;Python;SQL,4,Data Analyst,Beginner
STD_0866,M.Tech Data Science & AI,0.0,0,1,Agile;Pandas;SQL;CI/CD,4,Software Developer,Beginner
STD_0788,B.Tech Artificial Intelligence and Data Science,0.3,0,0,Linux;Communication;Data Structures;JavaScript;Kubernetes;Java,6,Software Developer,Beginner
STD_0745,B.Tech Information Technology,0.6,1,2,SQL;Excel;Power BI;Git;Data Cleaning;Tableau,6,Data Analyst,Developing
STD_0860,B.E. Computer Science and Engineering,0.9,4,1,Communication;Java;Agile;REST API;Data Structures;C++;JavaScript;OOP;Algorithms;Python,10,Software Developer,Intermediate
STD_0295,M.Tech Data Science & AI,0.7,2,0,Git;Probability;NLP;Data Visualization;Python;SQL;Statistics;Problem Solving,8,Data Scientist,Developing
STD_0545,B.Tech Artificial Intelligence and Data Science,0.9,1,1,SQL;Probability;Statistics;Tableau;Git;Pandas;Power BI;Data Visualization,8,Data Analyst,Developing
STD_1363,B.Tech Artificial Intelligence and Data Science,1.4,4,2,Cloud Fundamentals;Virtualization;GCP;Python;Networking;Azure;Algorithms;AWS;Linux;Kubernetes;Git,11,Cloud Engineer,Intermediate
STD_0089,M.Tech Data Science & AI,2.0,3,3,Cloud Fundamentals;Computer Vision;Deep Learning;Docker;Python;Scikit-learn;PyTorch;NLP;Problem Solving;Git;NumPy;TensorFlow;MLOps;SQL;Model Deployment;Statistics,16,AI/ML Engineer,Job Ready
STD_1032,BCA / MCA Computer Applications,2.2,3,4,Ethical Hacking;Linux;Security Tools;Problem Solving;Threat Detection;Communication;Vulnerability Assessment;Cybersecurity Fundamentals;SIEM;Cryptography;Git;Networking,12,Cybersecurity Analyst,Job Ready
STD_1380,B.E. Electronics and Communication,1.7,4,3,Security Tools;GCP;Azure;Git;Problem Solving;Docker;CI/CD;Kubernetes;Python;Cloud Fundamentals;Linux;Networking;AWS;Virtualization,14,Cloud Engineer,Job Ready
STD_0577,B.Tech Information Technology,1.0,3,2,Communication;Power BI;Statistics;Probability;Data Visualization;Excel;Pandas;Tableau,8,Data Analyst,Intermediate
STD_0907,B.E. Computer Science and Engineering,3.4,6,3,Agile;Git;Problem Solving;Python;C++;Communication;Data Structures;CI/CD;REST API;SQL;JavaScript;Algorithms;Docker,13,Software Developer,Job Ready
STD_1388,B.E. Electronics and Communication,1.4,2,1,Problem Solving;AWS;Kubernetes;Docker;CI/CD;Cloud Fundamentals;Azure;Python;Virtualization;Linux,10,Cloud Engineer,Intermediate
STD_1092,B.Tech Information Technology,2.0,4,2,Linux;Ethical Hacking;Vulnerability Assessment;Security Tools;Cryptography;SIEM;Git;Threat Detection;Communication;Networking,10,Cybersecurity Analyst,Intermediate
STD_0944,M.Tech Data Science & AI,1.9,3,3,JavaScript;Data Structures;Python;SQL;Docker;C++;REST API;Algorithms;Git,9,Software Developer,Intermediate
STD_0291,B.Tech Information Technology,2.0,3,2,Git;Data Visualization;Deep Learning;Scikit-learn;Python;Probability;C++;Excel;OOP;Pandas;Data Cleaning,11,Data Scientist,Intermediate
STD_1419,B.E. Computer Science and Engineering,1.9,2,3,Problem Solving;Azure;Virtualization;Linux;Security Tools;Cloud Fundamentals;Cryptography;AWS;Docker;GCP;Python,11,Cloud Engineer,Intermediate
STD_1019,B.E. Computer Science and Engineering,1.6,2,1,Networking;Threat Detection;Cryptography;Linux;Ethical Hacking;Cybersecurity Fundamentals;Security Tools;Communication;Git,9,Cybersecurity Analyst,Intermediate
STD_0349,B.Tech Information Technology,2.0,4,1,Statistics;Data Cleaning;SQL;Pandas;Probability;Feature Engineering;Python;Networking;Data Visualization;NumPy,10,Data Scientist,Intermediate
STD_0568,M.Tech Data Science & AI,3.1,6,2,Statistics;Power BI;Pandas;Excel;SQL;Problem Solving;Tableau;Communication;Data Visualization;Data Cleaning;Python,11,Data Analyst,Job Ready
STD_1413,B.Tech Information Technology,0.8,2,2,Networking;Docker;Problem Solving;Cloud Fundamentals;Computer Vision;CI/CD;Virtualization;Git;NumPy,9,Cloud Engineer,Developing
STD_1059,BCA / MCA Computer Applications,2.6,6,2,Vulnerability Assessment;Cryptography;Ethical Hacking;SIEM;Networking;Python;Threat Detection;Security Tools;Communication;Problem Solving;Linux,11,Cybersecurity Analyst,Job Ready
STD_0600,B.E. Computer Science and Engineering,1.2,3,1,Data Visualization;Communication;Data Cleaning;Problem Solving;Python;SQL;Power BI;Statistics,8,Data Analyst,Intermediate
STD_0459,BCA / MCA Computer Applications,1.0,2,3,Machine Learning;Communication;Statistics;Git;NLP;Problem Solving;SQL;Scikit-learn;Algorithms;Pandas;C++;NumPy;Data Visualization,13,Data Scientist,Intermediate
STD_0376,B.E. Computer Science and Engineering,1.0,4,2,NLP;Pandas;Git;Scikit-learn;PyTorch;Deep Learning;Probability;Data Cleaning;Python;NumPy,10,Data Scientist,Intermediate
STD_0334,B.E. Electronics and Communication,1.0,2,0,Probability;Scikit-learn;Pandas;Python;Data Cleaning;Excel,6,Data Scientist,Developing
STD_0757,B.E. Computer Science and Engineering,3.1,4,2,Git;Docker;Data Structures;C++;SQL;Agile;Communication;JavaScript;Java;Python;Algorithms;REST API;Cybersecurity Fundamentals;Linux,14,Software Developer,Job Ready
STD_1324,B.Tech Information Technology,0.6,2,2,Linux;Docker;Python;Virtualization;Azure,5,Cloud Engineer,Developing
STD_0712,M.Tech Data Science & AI,0.3,0,1,Communication;Tableau;SQL,3,Data Analyst,Beginner
STD_1390,B.E. Electronics and Communication,3.1,5,3,Problem Solving;Cloud Fundamentals;Git;Linux;Networking;Azure;Docker;Virtualization;Python;AWS,10,Cloud Engineer,Job Ready
STD_0567,M.Tech Data Science & AI,0.6,1,1,Excel;Tableau;SQL;Data Cleaning;Statistics;Python,6,Data Analyst,Developing
STD_0329,B.E. Computer Science and Engineering,0.8,2,2,SQL;Data Visualization;Scikit-learn;Deep Learning;Python;NumPy,6,Data Scientist,Developing
STD_0319,B.Tech Information Technology,1.8,3,4,Machine Learning;NumPy;Statistics;Scikit-learn;Data Visualization;OOP;Data Cleaning;SQL;Communication;Problem Solving;Pandas;NLP;Probability;Python;Git,15,Data Scientist,Job Ready
STD_1303,B.E. Electronics and Communication,0.5,1,1,Power BI;Azure;Python;Networking;Linux;Security Tools;Virtualization,7,Cloud Engineer,Developing
STD_0953,B.E. Computer Science and Engineering,0.9,2,3,C++;OOP;Communication;JavaScript;Java;Algorithms;Python;REST API;Problem Solving;Docker;Agile;SQL,12,Software Developer,Intermediate
STD_0013,B.E. Electronics and Communication,0.6,2,0,Computer Vision;Machine Learning;Python;Statistics;Git;Scikit-learn;NumPy,7,AI/ML Engineer,Developing
STD_0172,M.Tech Data Science & AI,0.9,4,3,NumPy;Docker;Computer Vision;Model Deployment;TensorFlow;Problem Solving;Pandas;Deep Learning;Scikit-learn;Machine Learning,10,AI/ML Engineer,Intermediate
STD_0261,M.Tech Data Science & AI,1.6,6,2,Excel;Probability;SQL;Python;Statistics;Deep Learning;Problem Solving;NumPy;Communication;Pandas;Machine Learning;Data Cleaning;Feature Engineering;Data Visualization;NLP;Scikit-learn,16,Data Scientist,Job Ready
STD_0820,B.E. Computer Science and Engineering,0.5,0,1,SQL;Agile;Communication;JavaScript,4,Software Developer,Beginner
STD_1495,M.Tech Data Science & AI,0.6,1,0,Linux;Cloud Fundamentals;Deep Learning;Networking;Virtualization;Python;Problem Solving;Computer Vision,8,Cloud Engineer,Developing
STD_0797,B.E. Computer Science and Engineering,0.4,1,0,JavaScript;SQL;CI/CD;Linux;OOP;Docker;REST API,7,Software Developer,Developing
STD_0139,B.E. Computer Science and Engineering,0.2,0,0,Deep Learning;TensorFlow,2,AI/ML Engineer,Beginner
STD_0550,B.Tech Artificial Intelligence and Data Science,0.6,2,2,Python;Excel;Tableau;Statistics;Power BI,5,Data Analyst,Developing
STD_0616,M.Tech Data Science & AI,2.4,3,2,Power BI;Communication;Data Visualization;SQL;Python;Probability;Problem Solving;Data Cleaning;Tableau;Git;Excel;Pandas,12,Data Analyst,Job Ready
STD_0846,M.Tech Data Science & AI,2.7,5,2,C++;Networking;Linux;REST API;Git;OOP;Security Tools;Agile;JavaScript;Python;Docker;Communication;Problem Solving;Java;Data Structures;SQL;CI/CD,17,Software Developer,Job Ready
STD_0778,BCA / MCA Computer Applications,0.3,0,1,JavaScript;OOP;Docker,3,Software Developer,Beginner
STD_0559,B.Tech Information Technology,1.7,4,3,Data Cleaning;Data Visualization;Power BI;Excel;Pandas;Probability;Python;Statistics;Git;SQL,10,Data Analyst,Intermediate
STD_0140,B.Tech Information Technology,2.1,3,3,Python;Deep Learning;NLP;Problem Solving;MLOps;SQL;Statistics;Docker;Computer Vision;Pandas;TensorFlow;PyTorch;NumPy;Cloud Fundamentals;Scikit-learn,15,AI/ML Engineer,Job Ready
STD_1310,B.E. Computer Science and Engineering,0.8,2,2,Kubernetes;Problem Solving;Cloud Fundamentals;CI/CD;Python;Machine Learning;NLP,7,Cloud Engineer,Developing
STD_1024,B.Tech Artificial Intelligence and Data Science,1.0,1,0,Communication;Virtualization;Linux;SIEM;AWS;Vulnerability Assessment;Threat Detection,7,Cybersecurity Analyst,Developing
STD_0225,BCA / MCA Computer Applications,0.9,3,2,Machine Learning;Docker;Model Deployment;NumPy;Computer Vision;PyTorch;Deep Learning;NLP;Linux;Cloud Fundamentals;Pandas,11,AI/ML Engineer,Intermediate
STD_0964,B.E. Computer Science and Engineering,0.4,1,1,Algorithms;Agile;C++;CI/CD;Scikit-learn;JavaScript;Probability,7,Software Developer,Beginner
STD_0410,M.Tech Data Science & AI,1.7,2,1,NLP;Probability;Communication;Statistics;Data Cleaning;Python;Deep Learning;NumPy;Pandas;SQL;Machine Learning,11,Data Scientist,Intermediate
STD_0326,B.Tech Artificial Intelligence and Data Science,1.6,2,3,Pandas;Deep Learning;Data Visualization;Machine Learning;Problem Solving;SQL;Python;NumPy,8,Data Scientist,Intermediate
STD_0300,B.E. Electronics and Communication,1.5,6,4,Python;Problem Solving;SQL;Statistics;Data Visualization;Probability;Communication;Scikit-learn;Feature Engineering;Pandas;Machine Learning;Excel,12,Data Scientist,Job Ready
STD_0994,B.Tech Artificial Intelligence and Data Science,0.2,1,0,Docker;C++;Git;SQL,4,Software Developer,Developing
STD_1033,B.E. Electronics and Communication,0.8,3,2,Cybersecurity Fundamentals;Security Tools;Python;Linux;Problem Solving;Threat Detection;SIEM;Cryptography;Vulnerability Assessment;Communication,10,Cybersecurity Analyst,Intermediate
STD_0671,B.Tech Information Technology,1.9,6,3,Tableau;Pandas;Power BI;Data Cleaning;Data Visualization;SQL;Problem Solving;Probability;Excel;Python;Statistics,11,Data Analyst,Job Ready
STD_1480,B.Tech Artificial Intelligence and Data Science,2.1,3,1,Kubernetes;Problem Solving;Git;Virtualization;Cloud Fundamentals;Docker;Python;GCP;CI/CD;AWS,10,Cloud Engineer,Intermediate
STD_0947,M.Tech Data Science & AI,0.1,1,0,Algorithms;SQL;Linux;JavaScript,4,Software Developer,Beginner
STD_1270,B.Tech Information Technology,0.2,0,0,Cloud Fundamentals;Python;Linux;Docker,4,Cloud Engineer,Beginner
STD_0574,B.Tech Information Technology,2.5,6,3,SQL;Excel;Pandas;Statistics;Probability;Data Cleaning;Problem Solving;Git;Tableau;Power BI;Data Visualization,11,Data Analyst,Job Ready
STD_0504,B.Tech Information Technology,2.9,5,4,Data Cleaning;Statistics;Excel;SQL;Tableau;Git;Pandas;Power BI;Python;Probability,10,Data Analyst,Job Ready
STD_1038,B.E. Computer Science and Engineering,1.5,4,1,Python;Cryptography;Problem Solving;Linux;Ethical Hacking;Networking;Vulnerability Assessment;Threat Detection;Cybersecurity Fundamentals,9,Cybersecurity Analyst,Intermediate
STD_0004,B.E. Computer Science and Engineering,2.0,2,2,NumPy;Scikit-learn;Deep Learning;Machine Learning;PyTorch;NLP;Git;MLOps;Pandas,9,AI/ML Engineer,Intermediate
STD_1469,B.E. Electronics and Communication,1.0,1,2,Cloud Fundamentals;Git;Python;Networking;AWS,5,Cloud Engineer,Developing
STD_0468,B.Tech Artificial Intelligence and Data Science,1.2,1,1,Problem Solving;Python;SQL;Pandas;Scikit-learn;NumPy;Deep Learning,7,Data Scientist,Developing
STD_0322,B.Tech Information Technology,0.1,1,0,NumPy;Probability;NLP;Git;Python,5,Data Scientist,Beginner
STD_0006,B.Tech Artificial Intelligence and Data Science,1.8,3,3,SQL;NumPy;Problem Solving;Docker;TensorFlow;Python;Machine Learning;Scikit-learn;Statistics;Deep Learning;PyTorch,11,AI/ML Engineer,Intermediate
STD_0974,B.Tech Artificial Intelligence and Data Science,1.6,3,1,OOP;CI/CD;Docker;Communication;Java;SQL;Data Structures;Git;Algorithms;Agile;Python;JavaScript,12,Software Developer,Intermediate
STD_0548,B.E. Computer Science and Engineering,0.6,1,1,Probability;Data Visualization;Excel;Data Cleaning;Communication;Pandas;Python,7,Data Analyst,Developing
STD_1477,M.Tech Data Science & AI,0.9,3,1,Networking;Cloud Fundamentals;CI/CD;Git;Linux;Python;AWS;Security Tools,8,Cloud Engineer,Intermediate
STD_0040,B.Tech Artificial Intelligence and Data Science,2.2,6,4,NumPy;PyTorch;TensorFlow;Machine Learning;Git;Deep Learning;Scikit-learn;NLP;Statistics;Problem Solving;Power BI;Pandas;Computer Vision;Python,14,AI/ML Engineer,Job Ready
STD_0543,B.E. Electronics and Communication,2.4,5,3,Problem Solving;Python;Statistics;Data Cleaning;Tableau;Power BI;Git;Communication;Excel;Probability;SQL;Data Visualization;Pandas,13,Data Analyst,Job Ready
STD_0243,BCA / MCA Computer Applications,1.9,4,1,Scikit-learn;Cloud Fundamentals;TensorFlow;Python;MLOps;PyTorch;Machine Learning;Problem Solving;NLP;Git;SQL,11,AI/ML Engineer,Intermediate
STD_0137,B.E. Electronics and Communication,0.3,2,0,PyTorch;Statistics;NumPy;Deep Learning;Problem Solving;Model Deployment;Python;Scikit-learn,8,AI/ML Engineer,Developing
STD_0603,M.Tech Data Science & AI,0.3,2,0,Communication;Power BI;Problem Solving;Data Visualization;Excel;Statistics,6,Data Analyst,Developing
STD_0773,B.Tech Information Technology,0.0,1,1,Git,1,Software Developer,Beginner
STD_0847,M.Tech Data Science & AI,0.4,0,0,C++;Java;Algorithms,3,Software Developer,Beginner
STD_1091,B.Tech Artificial Intelligence and Data Science,1.1,1,0,Git;Communication;Networking;Linux;Security Tools;Vulnerability Assessment,6,Cybersecurity Analyst,Developing
STD_1366,BCA / MCA Computer Applications,0.2,0,0,Networking,1,Cloud Engineer,Beginner
STD_0582,B.Tech Artificial Intelligence and Data Science,0.4,1,1,Pandas;SQL;Tableau;Power BI;Excel;Git,6,Data Analyst,Developing
STD_1475,BCA / MCA Computer Applications,1.5,3,1,Cloud Fundamentals;Docker;CI/CD;Virtualization;Linux;Problem Solving;Kubernetes;Security Tools;REST API;Git;JavaScript,11,Cloud Engineer,Intermediate
STD_0789,BCA / MCA Computer Applications,1.2,2,2,Linux;Java;Problem Solving;Data Structures;Algorithms;REST API;SQL,7,Software Developer,Intermediate
STD_1389,B.Tech Artificial Intelligence and Data Science,2.1,3,3,Security Tools;Networking;Virtualization;Docker;Git;AWS;CI/CD;Python;Azure,9,Cloud Engineer,Intermediate
STD_0377,B.E. Computer Science and Engineering,1.3,2,1,Pandas;Problem Solving;Data Visualization;SQL;NLP;Excel;Python;Probability,8,Data Scientist,Intermediate
STD_0315,BCA / MCA Computer Applications,0.8,1,0,Git;SQL;NumPy;Feature Engineering;Deep Learning;Data Visualization,6,Data Scientist,Developing
STD_0443,M.Tech Data Science & AI,0.8,3,2,NumPy;Scikit-learn;NLP;Problem Solving;Python;Statistics;Pandas;SQL;Data Cleaning;Machine Learning,10,Data Scientist,Intermediate
STD_0320,B.Tech Information Technology,1.6,4,3,Machine Learning;Scikit-learn;Probability;Data Visualization;Git;Cybersecurity Fundamentals;Feature Engineering;Python;Pandas;Deep Learning;Linux,11,Data Scientist,Intermediate
STD_1479,M.Tech Data Science & AI,0.1,0,1,Docker;Kubernetes;Azure;Security Tools;Networking;Cybersecurity Fundamentals,6,Cloud Engineer,Beginner
STD_0794,B.Tech Information Technology,0.8,1,0,Data Structures;Algorithms;Problem Solving;Communication;Python;SQL,6,Software Developer,Developing
STD_1133,B.E. Computer Science and Engineering,0.4,0,0,Python;Git;Communication;Cryptography,4,Cybersecurity Analyst,Beginner
STD_0425,B.Tech Artificial Intelligence and Data Science,1.0,3,3,SQL;Feature Engineering;Excel;Statistics;NumPy;Python;Probability,7,Data Scientist,Intermediate
STD_0554,B.Tech Artificial Intelligence and Data Science,1.8,2,2,Statistics;SQL;Data Visualization;Tableau;Git;Communication;Probability;Python;Pandas;Excel,10,Data Analyst,Intermediate
STD_0595,B.E. Computer Science and Engineering,1.5,2,1,Problem Solving;Power BI;Tableau;Pandas;SQL;Probability;Data Visualization;Statistics,8,Data Analyst,Intermediate
STD_0894,M.Tech Data Science & AI,1.6,6,2,Java;REST API;Agile;Docker;Algorithms;CI/CD;Git;JavaScript;Data Structures;Problem Solving;SQL;C++;Linux,13,Software Developer,Job Ready
STD_1482,B.Tech Artificial Intelligence and Data Science,1.8,4,2,Virtualization;GCP;CI/CD;Docker;AWS;Cloud Fundamentals;Git;Networking;Problem Solving,9,Cloud Engineer,Intermediate
STD_1218,M.Tech Data Science & AI,0.2,1,1,SIEM;Networking;Python;Vulnerability Assessment;Threat Detection,5,Cybersecurity Analyst,Developing
STD_1165,B.E. Computer Science and Engineering,0.4,0,1,Security Tools;Cybersecurity Fundamentals;Data Visualization;Threat Detection;Python,5,Cybersecurity Analyst,Beginner
STD_0228,M.Tech Data Science & AI,1.1,3,2,Deep Learning;Pandas;SQL;Scikit-learn;TensorFlow;Probability;NumPy;Git;Computer Vision;Model Deployment;NLP,11,AI/ML Engineer,Intermediate
STD_0715,B.Tech Artificial Intelligence and Data Science,0.9,2,1,Kubernetes;Data Cleaning;Pandas;Probability;Cloud Fundamentals;Power BI;Git;Python;SQL;Excel;Problem Solving;Data Visualization,12,Data Analyst,Intermediate
STD_0811,B.E. Computer Science and Engineering,1.1,1,1,REST API;CI/CD;Python;Security Tools;OOP;Git;Linux,7,Software Developer,Developing
STD_0980,B.E. Electronics and Communication,0.4,1,2,Git;Data Structures;REST API;Communication;Python;CI/CD,6,Software Developer,Developing
STD_1076,B.Tech Artificial Intelligence and Data Science,1.3,2,2,Problem Solving;Linux;Vulnerability Assessment;Python;Ethical Hacking;SIEM;Cryptography;Security Tools,8,Cybersecurity Analyst,Intermediate
STD_0067,B.Tech Artificial Intelligence and Data Science,2.1,2,2,PyTorch;Problem Solving;Cloud Fundamentals;Pandas;Git;TensorFlow;NLP;Computer Vision;SQL;Scikit-learn;Docker,11,AI/ML Engineer,Intermediate
STD_0394,B.E. Electronics and Communication,3.4,4,2,Data Visualization;Excel;Problem Solving;Communication;NumPy;SQL;Scikit-learn;Feature Engineering;Statistics;Probability;NLP;Git;Machine Learning;Pandas;Data Cleaning;Deep Learning,16,Data Scientist,Job Ready
STD_0580,B.E. Computer Science and Engineering,0.8,3,2,Power BI;Problem Solving;Statistics;Python;Pandas;SQL;Git;Data Visualization,8,Data Analyst,Intermediate
STD_0990,B.E. Electronics and Communication,0.2,2,2,Git;Algorithms;SQL;Data Structures;Agile;Linux;REST API,7,Software Developer,Developing
STD_0212,M.Tech Data Science & AI,0.8,2,3,Statistics;NumPy;TensorFlow;Python;NLP;Git;MLOps;Power BI;Model Deployment;Pandas,10,AI/ML Engineer,Intermediate
STD_1160,B.E. Computer Science and Engineering,0.5,1,0,Problem Solving;SIEM;Security Tools;Networking;Linux;Communication,6,Cybersecurity Analyst,Developing
STD_0782,B.Tech Artificial Intelligence and Data Science,0.1,0,1,Agile;JavaScript;SQL,3,Software Developer,Beginner
STD_0537,B.E. Computer Science and Engineering,0.7,1,2,Kubernetes;Data Visualization;Probability;Excel;Communication;Python;Tableau,7,Data Analyst,Developing
STD_0775,M.Tech Data Science & AI,1.8,3,2,REST API;Linux;Problem Solving;Git;Data Structures;CI/CD;Java;SQL;JavaScript;C++,10,Software Developer,Intermediate
STD_0662,B.E. Electronics and Communication,0.3,1,1,Pandas;Python;Git;Statistics,4,Data Analyst,Beginner
STD_0086,B.Tech Artificial Intelligence and Data Science,0.1,0,1,Statistics;NLP;PyTorch,3,AI/ML Engineer,Beginner
STD_1350,M.Tech Data Science & AI,0.8,2,1,Cloud Fundamentals;AWS;Virtualization;Kubernetes;GCP;Problem Solving;Python;Git,8,Cloud Engineer,Intermediate
STD_1217,B.Tech Artificial Intelligence and Data Science,0.7,1,2,Vulnerability Assessment;Security Tools;Communication;Linux,4,Cybersecurity Analyst,Developing
STD_0916,B.Tech Artificial Intelligence and Data Science,3.0,4,2,Problem Solving;Java;JavaScript;C++;Communication;Data Structures;Git;REST API;Algorithms;SQL;Python;Linux;Docker;OOP,14,Software Developer,Job Ready
STD_0661,B.Tech Information Technology,2.0,3,3,Communication;Problem Solving;Data Visualization;SQL;Data Cleaning;Power BI;Networking;Statistics;Probability;Python,10,Data Analyst,Intermediate
STD_1351,B.E. Electronics and Communication,1.6,2,2,AWS;Virtualization;Cloud Fundamentals;Networking;Docker;Azure;Python;GCP,8,Cloud Engineer,Intermediate
STD_0631,B.Tech Artificial Intelligence and Data Science,2.6,3,4,Probability;Problem Solving;Data Visualization;Communication;SQL;Tableau;Data Cleaning;Power BI;Pandas;Python;Excel;Statistics,12,Data Analyst,Job Ready
STD_1034,B.E. Electronics and Communication,0.6,2,2,Cryptography;Python;Excel;Security Tools;Communication;Ethical Hacking;Git;Data Visualization,8,Cybersecurity Analyst,Developing
STD_1400,BCA / MCA Computer Applications,0.3,1,0,Cloud Fundamentals;Virtualization;Problem Solving;AWS;GCP;Linux,6,Cloud Engineer,Developing
STD_1093,B.Tech Artificial Intelligence and Data Science,0.2,2,1,Security Tools;Vulnerability Assessment;Threat Detection;Cybersecurity Fundamentals;SIEM;Cryptography,6,Cybersecurity Analyst,Developing
STD_0274,M.Tech Data Science & AI,0.1,1,1,SQL;Deep Learning;Communication,3,Data Scientist,Beginner
STD_0723,B.E. Computer Science and Engineering,3.2,5,3,Excel;Probability;Tableau;Pandas;Problem Solving;Data Visualization;Git;Power BI;SQL;Python;Statistics;Data Cleaning,12,Data Analyst,Job Ready
STD_0363,B.E. Electronics and Communication,2.1,3,2,Machine Learning;NumPy;Probability;Feature Engineering;SQL;Excel;Pandas;Problem Solving;Data Cleaning,9,Data Scientist,Intermediate
STD_0623,BCA / MCA Computer Applications,0.0,0,1,Data Cleaning;Statistics;Problem Solving;Excel,4,Data Analyst,Beginner
STD_0003,B.E. Computer Science and Engineering,0.5,1,2,Model Deployment;NumPy;NLP;SQL;PyTorch;Cloud Fundamentals;Scikit-learn,7,AI/ML Engineer,Developing
STD_0007,M.Tech Data Science & AI,1.9,3,1,Git;TensorFlow;SQL;NumPy;Pandas;Docker;Model Deployment;Machine Learning;PyTorch;Python;Scikit-learn,11,AI/ML Engineer,Intermediate
STD_0312,B.Tech Information Technology,2.6,5,3,Problem Solving;Pandas;Data Cleaning;Excel;Data Visualization;Python;Feature Engineering;Scikit-learn;Machine Learning;Deep Learning;SQL;Probability,12,Data Scientist,Job Ready
STD_1168,M.Tech Data Science & AI,0.4,1,0,OOP;Cybersecurity Fundamentals;Threat Detection;SIEM;Vulnerability Assessment;Communication,6,Cybersecurity Analyst,Beginner
STD_0939,M.Tech Data Science & AI,1.1,3,3,Algorithms;SQL;OOP;Agile;Linux;Git;JavaScript;Data Structures;CI/CD;Python;Scikit-learn;C++;Communication,13,Software Developer,Intermediate
STD_1478,B.E. Electronics and Communication,0.7,1,1,Kubernetes;Networking;AWS;Cloud Fundamentals;Azure;Git;CI/CD;Python,8,Cloud Engineer,Developing
STD_0216,B.Tech Artificial Intelligence and Data Science,0.3,0,0,Model Deployment;Git;Deep Learning,3,AI/ML Engineer,Beginner
STD_1321,BCA / MCA Computer Applications,2.1,4,2,Docker;Python;Virtualization;AWS;CI/CD;Cloud Fundamentals;Problem Solving;Linux;Security Tools,9,Cloud Engineer,Intermediate
STD_0028,B.E. Computer Science and Engineering,0.9,3,3,NumPy;Scikit-learn;Computer Vision;Cloud Fundamentals;Pandas;Git;Linux;TensorFlow;Machine Learning;SQL;Python;Cybersecurity Fundamentals,12,AI/ML Engineer,Intermediate
STD_1466,B.Tech Artificial Intelligence and Data Science,1.6,2,3,Cloud Fundamentals;GCP;Security Tools;Virtualization;Networking;Problem Solving;Linux;Python;Docker,9,Cloud Engineer,Intermediate
STD_1025,B.E. Electronics and Communication,1.1,1,1,Security Tools;Python;Cybersecurity Fundamentals;Java;Threat Detection;Git,6,Cybersecurity Analyst,Developing
STD_0786,M.Tech Data Science & AI,1.7,2,2,CI/CD;REST API;Algorithms;Agile;C++;Linux;Git;OOP;SQL;Python;Data Structures,11,Software Developer,Intermediate
STD_0639,B.E. Electronics and Communication,1.0,2,0,Data Visualization;Power BI;Probability;Git;Problem Solving;Python,6,Data Analyst,Developing
STD_0830,B.Tech Artificial Intelligence and Data Science,0.3,2,1,JavaScript;Python;Data Structures;Java,4,Software Developer,Developing
STD_0827,BCA / MCA Computer Applications,3.8,5,3,Data Structures;Git;OOP;Communication;REST API;Agile;C++;Python;Docker;Linux;SQL;JavaScript;Java,13,Software Developer,Job Ready
STD_0625,B.E. Electronics and Communication,2.7,5,2,Tableau;Data Cleaning;Statistics;Pandas;Python;Power BI;Vulnerability Assessment;SQL;Cybersecurity Fundamentals;Probability;Problem Solving;Communication;Excel,13,Data Analyst,Job Ready
STD_0850,B.Tech Information Technology,0.4,0,0,Data Structures;C++,2,Software Developer,Beginner
STD_0257,M.Tech Data Science & AI,0.3,0,1,Machine Learning,1,Data Scientist,Beginner
STD_0026,B.Tech Information Technology,1.0,2,1,Scikit-learn;TensorFlow;Git;NumPy;Statistics;Machine Learning,6,AI/ML Engineer,Developing
STD_0337,B.E. Computer Science and Engineering,1.0,1,0,Git;Deep Learning;Probability;Computer Vision;SQL;Scikit-learn;Feature Engineering,7,Data Scientist,Developing
STD_0573,B.Tech Artificial Intelligence and Data Science,2.4,5,3,Problem Solving;Probability;Data Visualization;SQL;Statistics;Data Cleaning;Tableau;Pandas;Power BI;Excel;Python;Git,12,Data Analyst,Job Ready
STD_0048,B.E. Computer Science and Engineering,0.5,0,0,Scikit-learn;Java;Model Deployment;OOP,4,AI/ML Engineer,Beginner
STD_0107,B.E. Electronics and Communication,0.6,1,0,NumPy;NLP;TensorFlow;MLOps;Docker;Git;Deep Learning;Security Tools;Machine Learning;Linux,10,AI/ML Engineer,Developing
STD_0350,BCA / MCA Computer Applications,1.9,3,3,Data Cleaning;Python;NumPy;Problem Solving;Scikit-learn;Statistics;Data Visualization;Pandas;Machine Learning;Probability;Deep Learning,11,Data Scientist,Job Ready
STD_0056,BCA / MCA Computer Applications,1.2,1,2,PyTorch;Python;Model Deployment;Pandas;SQL;Power BI;Cloud Fundamentals;Machine Learning;Docker,9,AI/ML Engineer,Developing
STD_0809,B.E. Electronics and Communication,1.4,2,3,REST API;Docker;C++;JavaScript;Algorithms;Agile;Git,7,Software Developer,Intermediate
STD_0214,B.Tech Artificial Intelligence and Data Science,3.4,3,4,Machine Learning;Computer Vision;NLP;Python;PyTorch;Statistics;Model Deployment;TensorFlow;Problem Solving;MLOps;Docker;Scikit-learn;Deep Learning;Cloud Fundamentals;NumPy,15,AI/ML Engineer,Job Ready
STD_0121,M.Tech Data Science & AI,1.7,2,1,Python;Machine Learning;PyTorch;Model Deployment;OOP;Deep Learning;Git;Problem Solving;NumPy;TensorFlow,10,AI/ML Engineer,Intermediate
STD_0870,B.E. Electronics and Communication,2.1,4,3,Agile;SQL;REST API;C++;Data Structures;Algorithms;OOP;JavaScript;Problem Solving;Python;CI/CD,11,Software Developer,Intermediate
STD_0856,B.E. Computer Science and Engineering,1.5,2,1,Problem Solving;Communication;REST API;OOP;Data Structures;Agile;Java;Linux;SQL;Git;Algorithms;Python,12,Software Developer,Intermediate
STD_0073,B.E. Computer Science and Engineering,0.5,1,0,NLP;Machine Learning;Problem Solving;Deep Learning;Cloud Fundamentals;Git,6,AI/ML Engineer,Developing
STD_1381,B.E. Computer Science and Engineering,0.4,1,1,Networking;Data Structures;Virtualization,3,Cloud Engineer,Beginner
STD_0721,B.Tech Artificial Intelligence and Data Science,2.1,3,1,Problem Solving;Probability;Pandas;Excel;Data Cleaning;Data Visualization;Power BI;Tableau;Algorithms;Git;SQL;Communication,12,Data Analyst,Intermediate
STD_0046,B.Tech Artificial Intelligence and Data Science,0.9,2,0,TensorFlow;Docker;NumPy;MLOps;Pandas;PyTorch,6,AI/ML Engineer,Developing
STD_1264,B.Tech Artificial Intelligence and Data Science,0.9,1,0,Deep Learning;CI/CD;Cloud Fundamentals;Python;Linux;Problem Solving,6,Cloud Engineer,Developing
STD_0524,B.Tech Artificial Intelligence and Data Science,2.1,4,3,Tableau;Git;Probability;Python;Linux;Statistics;SQL;Pandas;Data Visualization;Data Cleaning;Problem Solving;Power BI;Excel;Communication,14,Data Analyst,Job Ready
STD_0869,BCA / MCA Computer Applications,0.8,2,0,Git;Algorithms;Linux;C++;Communication,5,Software Developer,Developing
STD_1108,B.Tech Information Technology,1.9,2,1,Security Tools;Networking;Communication;Python;Problem Solving;Git;Vulnerability Assessment;Threat Detection,8,Cybersecurity Analyst,Intermediate
STD_1275,B.Tech Artificial Intelligence and Data Science,0.8,4,2,GCP;Kubernetes;Cloud Fundamentals;Security Tools;Problem Solving;Azure;AWS;Docker;Git;Virtualization;Networking,11,Cloud Engineer,Intermediate
STD_0803,B.Tech Artificial Intelligence and Data Science,0.9,2,2,Problem Solving;Algorithms;Linux;C++;REST API;Data Structures;Docker;Java,8,Software Developer,Developing
STD_0534,M.Tech Data Science & AI,2.2,2,3,Data Cleaning;Power BI;Statistics;Git;Data Visualization;Pandas;Tableau;Excel,8,Data Analyst,Intermediate
STD_1138,B.E. Electronics and Communication,1.0,3,1,Security Tools;Cybersecurity Fundamentals;Ethical Hacking;SIEM;Networking;Cryptography;Git;Problem Solving;Python;Vulnerability Assessment,10,Cybersecurity Analyst,Intermediate
STD_0604,B.E. Computer Science and Engineering,0.4,1,1,Excel;Tableau;Pandas;Data Visualization;Python;SQL,6,Data Analyst,Developing
STD_0466,M.Tech Data Science & AI,1.0,2,0,Machine Learning;Deep Learning;Pandas;NumPy;NLP;Statistics,6,Data Scientist,Developing
STD_1203,B.E. Computer Science and Engineering,1.2,3,1,Security Tools;Ethical Hacking;Communication;Cybersecurity Fundamentals;Vulnerability Assessment;Python;Linux;Networking;Cryptography,9,Cybersecurity Analyst,Intermediate
STD_1278,B.Tech Information Technology,0.9,4,1,Docker;Azure;Kubernetes;Problem Solving;Virtualization;Networking;Security Tools;Cloud Fundamentals;CI/CD;AWS,10,Cloud Engineer,Intermediate
STD_1444,B.Tech Artificial Intelligence and Data Science,0.5,1,1,Docker;Azure,2,Cloud Engineer,Beginner
STD_0989,M.Tech Data Science & AI,1.0,1,0,Data Structures;Java;Algorithms;OOP;CI/CD,5,Software Developer,Developing
STD_0061,B.E. Computer Science and Engineering,2.1,3,2,NumPy;Data Visualization;Computer Vision;MLOps;Cloud Fundamentals;Pandas;SQL;PyTorch;Scikit-learn,9,AI/ML Engineer,Intermediate
STD_0886,B.Tech Artificial Intelligence and Data Science,0.9,2,3,OOP;C++;Linux;Python;CI/CD;JavaScript;Git;Problem Solving;Data Structures;Communication;REST API,11,Software Developer,Intermediate
STD_0093,M.Tech Data Science & AI,3.1,6,4,Git;NLP;Deep Learning;Python;NumPy;SQL;Computer Vision;Model Deployment;Scikit-learn;Machine Learning;Statistics;TensorFlow;Cloud Fundamentals;Pandas;Docker,15,AI/ML Engineer,Job Ready
STD_0667,BCA / MCA Computer Applications,0.4,1,0,Power BI;Communication;Git;Tableau;SQL;Pandas,6,Data Analyst,Developing
STD_0706,B.E. Electronics and Communication,0.3,2,1,Excel;Power BI;SQL;Probability;Tableau,5,Data Analyst,Developing
STD_0195,BCA / MCA Computer Applications,1.0,2,2,PyTorch;Machine Learning;NLP;Computer Vision;Problem Solving;Pandas;Model Deployment,7,AI/ML Engineer,Developing
STD_0281,B.Tech Artificial Intelligence and Data Science,3.3,5,4,Deep Learning;Python;Pandas;Probability;NumPy;Machine Learning;Excel;Data Visualization;Feature Engineering;Git;SQL;Scikit-learn,12,Data Scientist,Job Ready
STD_0696,B.E. Electronics and Communication,2.0,6,2,Pandas;Probability;Threat Detection;Excel;Problem Solving;Statistics;Power BI;Python;Git;Data Cleaning;Tableau;Linux;SQL;Data Visualization;Communication,15,Data Analyst,Job Ready
STD_0360,B.E. Electronics and Communication,1.1,1,1,SQL;Cloud Fundamentals;Communication;Data Cleaning;AWS;Probability;Problem Solving;Data Visualization,8,Data Scientist,Developing
STD_0520,B.Tech Information Technology,0.1,1,0,Communication;Problem Solving;Data Visualization;Data Cleaning;Pandas,5,Data Analyst,Beginner
STD_0813,B.E. Electronics and Communication,3.6,3,4,Data Structures;Communication;C++;Java;CI/CD;OOP;JavaScript;Python;Data Visualization;Problem Solving;REST API;SQL;Git;Linux;Agile,15,Software Developer,Job Ready
STD_0768,B.E. Electronics and Communication,2.3,5,2,Docker;SQL;Git;JavaScript;REST API;Problem Solving;CI/CD;Python;OOP;Algorithms;C++,11,Software Developer,Job Ready
STD_0183,BCA / MCA Computer Applications,1.9,3,4,PyTorch;Machine Learning;Cloud Fundamentals;TensorFlow;Pandas;NLP;NumPy;Python;MLOps;Git;Deep Learning,11,AI/ML Engineer,Job Ready
STD_1487,M.Tech Data Science & AI,0.2,2,1,Docker;Probability;Kubernetes;SQL;AWS;Problem Solving,6,Cloud Engineer,Developing
STD_0111,B.E. Electronics and Communication,1.9,3,3,Statistics;TensorFlow;Docker;NumPy;Machine Learning;PyTorch;Pandas;Scikit-learn;NLP,9,AI/ML Engineer,Intermediate
STD_0043,B.Tech Artificial Intelligence and Data Science,0.5,1,1,Machine Learning;NLP;Pandas;Python;Model Deployment;Problem Solving,6,AI/ML Engineer,Developing
STD_1007,BCA / MCA Computer Applications,0.9,2,1,Networking;SIEM;Linux;Python;Cryptography;Security Tools,6,Cybersecurity Analyst,Developing
STD_0205,B.Tech Information Technology,1.4,4,1,Linux;Computer Vision;Scikit-learn;Python;NLP;Git;Deep Learning;Virtualization;TensorFlow;Machine Learning;Model Deployment,11,AI/ML Engineer,Intermediate
STD_0821,B.E. Computer Science and Engineering,0.7,2,2,Agile;Communication;Data Structures;Git;OOP;Algorithms;Java,7,Software Developer,Developing
STD_0053,M.Tech Data Science & AI,1.4,2,1,NLP;Machine Learning;Pandas;PyTorch;Data Cleaning;TensorFlow;Statistics;SQL;Python;Model Deployment;Deep Learning;Cloud Fundamentals;Scikit-learn,13,AI/ML Engineer,Intermediate
STD_0546,M.Tech Data Science & AI,1.1,4,1,SQL;Python;Data Cleaning;Statistics;Pandas;Excel;Tableau;Data Visualization;Problem Solving,9,Data Analyst,Intermediate
STD_1132,M.Tech Data Science & AI,0.2,2,0,Networking;Vulnerability Assessment;Communication;Cybersecurity Fundamentals;Ethical Hacking;SQL,6,Cybersecurity Analyst,Developing
STD_1158,B.E. Electronics and Communication,1.9,4,1,Python;Cryptography;Linux;Threat Detection;Git;Communication;Security Tools;REST API;Networking,9,Cybersecurity Analyst,Intermediate
STD_1468,BCA / MCA Computer Applications,0.2,1,1,Docker;Virtualization;SQL;Security Tools;Git;REST API;Networking,7,Cloud Engineer,Beginner
STD_0911,B.Tech Artificial Intelligence and Data Science,0.3,1,1,Git;Linux,2,Software Developer,Beginner
STD_0184,B.E. Electronics and Communication,0.5,1,2,NumPy;Deep Learning;Model Deployment;SQL;Statistics;NLP;Computer Vision;Scikit-learn,8,AI/ML Engineer,Developing
STD_0138,M.Tech Data Science & AI,1.1,2,1,Machine Learning;PyTorch;MLOps;Python;Pandas,5,AI/ML Engineer,Developing
STD_1150,B.Tech Information Technology,0.0,0,1,Linux;Problem Solving;Pandas;Ethical Hacking;Data Visualization;Cybersecurity Fundamentals,6,Cybersecurity Analyst,Beginner
STD_0081,B.E. Electronics and Communication,0.3,1,0,Statistics;MLOps;NumPy;PyTorch;Cloud Fundamentals,5,AI/ML Engineer,Beginner
STD_1213,B.E. Computer Science and Engineering,0.2,1,0,Threat Detection;Python;Security Tools;Git;Cybersecurity Fundamentals,5,Cybersecurity Analyst,Developing
STD_0106,B.E. Computer Science and Engineering,1.0,1,2,SQL;NLP;Model Deployment;Deep Learning;Statistics;TensorFlow;Python,7,AI/ML Engineer,Developing
STD_0542,B.E. Electronics and Communication,0.4,2,1,Statistics;Excel;Pandas;Git;Python;SQL,6,Data Analyst,Developing
STD_1314,M.Tech Data Science & AI,0.9,1,2,Linux;GCP;Networking;Git;Docker;AWS,6,Cloud Engineer,Developing
STD_0481,B.Tech Artificial Intelligence and Data Science,1.7,4,2,Python;SQL;Pandas;Machine Learning;Feature Engineering;REST API;Scikit-learn;Probability;Excel;Data Cleaning,10,Data Scientist,Intermediate
STD_0166,B.E. Computer Science and Engineering,1.0,2,3,Docker;Statistics;Machine Learning;MLOps;Deep Learning;NumPy;Model Deployment;Problem Solving;NLP;Computer Vision,10,AI/ML Engineer,Intermediate
STD_0249,B.Tech Information Technology,0.3,0,1,NLP;Model Deployment;Machine Learning;Deep Learning;Git,5,AI/ML Engineer,Beginner
STD_0308,B.Tech Information Technology,2.0,4,3,SQL;Data Cleaning;Communication;Pandas;Probability;Statistics;Problem Solving;NumPy;Scikit-learn,9,Data Scientist,Intermediate
STD_0447,B.Tech Information Technology,0.4,2,0,Data Cleaning;Data Visualization;Python;Scikit-learn;Statistics;NLP;Pandas,7,Data Scientist,Developing
STD_0747,B.E. Electronics and Communication,1.7,4,2,Statistics;Tableau;SQL;Data Cleaning;Scikit-learn;Power BI;Probability;Pandas;Data Visualization;Excel;NumPy;Git,12,Data Analyst,Intermediate
STD_0335,BCA / MCA Computer Applications,0.4,1,0,Machine Learning;Statistics;Data Visualization,3,Data Scientist,Beginner
STD_0098,M.Tech Data Science & AI,0.9,3,3,Computer Vision;NLP;Cloud Fundamentals;Python;PyTorch;Docker;MLOps;Data Visualization;Scikit-learn;SQL;Problem Solving;TensorFlow;NumPy;Deep Learning,14,AI/ML Engineer,Intermediate
STD_0760,M.Tech Data Science & AI,1.9,2,3,Java;CI/CD;Docker;Vulnerability Assessment;OOP;SQL;Algorithms;C++;Python;Git,10,Software Developer,Intermediate
STD_0738,M.Tech Data Science & AI,1.2,4,1,Tableau;Git;Python;Pandas;Communication;Data Cleaning;SQL;Power BI;Data Visualization,9,Data Analyst,Intermediate
STD_0837,B.Tech Information Technology,1.3,2,3,SQL;Python;Problem Solving;REST API;Algorithms;Linux;C++;Java;Pandas;Data Structures,10,Software Developer,Intermediate
STD_0943,M.Tech Data Science & AI,1.1,2,2,CI/CD;AWS;Python;Algorithms;Agile;C++;Git;Docker;REST API,9,Software Developer,Developing
STD_0103,B.Tech Information Technology,0.9,3,2,PyTorch;Python;Model Deployment;Statistics;Computer Vision;NLP;Deep Learning,7,AI/ML Engineer,Intermediate
STD_0435,BCA / MCA Computer Applications,0.6,2,2,Problem Solving;Communication;Statistics;Probability;Python;Data Structures;Git,7,Data Scientist,Developing
STD_0075,M.Tech Data Science & AI,0.9,2,2,TensorFlow;NLP;NumPy;Cloud Fundamentals,4,AI/ML Engineer,Developing
STD_1341,B.E. Computer Science and Engineering,1.2,2,3,Virtualization;Linux;Python;Problem Solving;Docker;Cloud Fundamentals;Security Tools;AWS,8,Cloud Engineer,Intermediate
STD_1125,B.Tech Artificial Intelligence and Data Science,0.7,1,1,Linux;Cybersecurity Fundamentals;Vulnerability Assessment;Networking;Communication;Git;Python,7,Cybersecurity Analyst,Developing
STD_1360,B.E. Computer Science and Engineering,1.5,5,2,Python;Virtualization;Cloud Fundamentals;Problem Solving;Linux;GCP;Git;Azure;AWS;Networking;CI/CD;Kubernetes,12,Cloud Engineer,Job Ready
STD_0303,B.E. Computer Science and Engineering,2.5,6,3,NLP;Data Cleaning;Computer Vision;Excel;Pandas;Git;Data Visualization;NumPy;Scikit-learn;Statistics;Deep Learning;Python;Problem Solving;SQL,14,Data Scientist,Job Ready
STD_1263,BCA / MCA Computer Applications,3.8,3,3,Python;AWS;Cloud Fundamentals;Security Tools;CI/CD;Kubernetes;Azure;Linux;Docker;Networking,10,Cloud Engineer,Job Ready
STD_1224,B.Tech Information Technology,0.8,2,0,Git;Security Tools;SQL;Linux;Cryptography;SIEM;Vulnerability Assessment;Machine Learning;Cybersecurity Fundamentals,9,Cybersecurity Analyst,Developing
STD_0734,B.E. Computer Science and Engineering,1.3,3,1,Communication;Data Cleaning;Statistics;Power BI;Tableau;SQL;Probability;Git;Python;Problem Solving,10,Data Analyst,Intermediate
STD_0389,B.E. Computer Science and Engineering,0.4,1,1,Pandas;Git;Cryptography;Vulnerability Assessment;Data Cleaning,5,Data Scientist,Beginner
STD_0236,B.E. Electronics and Communication,2.2,6,2,MLOps;NLP;Machine Learning;Git;Problem Solving;NumPy;TensorFlow;SQL;Cloud Fundamentals;Docker;Scikit-learn;Model Deployment;PyTorch;Python;Pandas;Deep Learning;Computer Vision;Statistics,18,AI/ML Engineer,Job Ready
STD_1246,B.E. Electronics and Communication,1.0,2,0,Git;Cybersecurity Fundamentals;Networking;Threat Detection,4,Cybersecurity Analyst,Developing
STD_0268,B.Tech Information Technology,0.3,1,1,Scikit-learn;Machine Learning;NLP,3,Data Scientist,Beginner
STD_0306,M.Tech Data Science & AI,0.6,2,1,Pandas;Python;Git;Deep Learning;Data Visualization,5,Data Scientist,Developing
STD_0118,B.Tech Artificial Intelligence and Data Science,1.1,1,2,PyTorch;Machine Learning;Git;Pandas;Docker;MLOps;NumPy;TensorFlow,8,AI/ML Engineer,Developing
STD_1212,B.Tech Information Technology,0.6,2,0,Communication;Cybersecurity Fundamentals;SIEM;Networking;Cryptography;Linux;Python,7,Cybersecurity Analyst,Developing
STD_0674,B.E. Electronics and Communication,1.5,2,3,Communication;Python;Statistics;Data Visualization;Probability;Excel;Power BI;Git;Data Cleaning;SQL,10,Data Analyst,Intermediate
STD_0250,B.Tech Information Technology,0.9,2,2,MLOps;PyTorch;NumPy;Cloud Fundamentals;Git;Scikit-learn;SQL;Docker;Computer Vision;TensorFlow;Python,11,AI/ML Engineer,Intermediate
STD_1094,M.Tech Data Science & AI,0.6,2,1,Networking;Cryptography;Security Tools;Communication;Cybersecurity Fundamentals;Ethical Hacking;Threat Detection,7,Cybersecurity Analyst,Developing
STD_1080,B.Tech Artificial Intelligence and Data Science,1.7,2,2,Security Tools;SIEM;Cybersecurity Fundamentals;Vulnerability Assessment;Python;Linux;Ethical Hacking;Networking;Cryptography,9,Cybersecurity Analyst,Intermediate
STD_0072,B.Tech Information Technology,1.2,4,1,Computer Vision;Machine Learning;NLP;Docker;Python;Pandas;Cloud Fundamentals;Model Deployment;SQL;MLOps;Deep Learning;TensorFlow,12,AI/ML Engineer,Intermediate
STD_0095,B.E. Electronics and Communication,1.1,1,2,Git;Machine Learning;Scikit-learn;SQL;Model Deployment;Deep Learning;Pandas;NumPy,8,AI/ML Engineer,Developing
STD_0848,BCA / MCA Computer Applications,2.3,5,4,OOP;SQL;REST API;Python;C++;CI/CD;Docker;Java;Data Structures;Agile;Algorithms,11,Software Developer,Job Ready
STD_0034,B.Tech Information Technology,0.9,2,2,SQL;Statistics;Docker;Problem Solving;Cloud Fundamentals;NumPy;Machine Learning;Python;TensorFlow;Scikit-learn;Deep Learning;Computer Vision;C++;Algorithms,14,AI/ML Engineer,Intermediate
STD_1101,M.Tech Data Science & AI,1.4,3,1,Communication;Cybersecurity Fundamentals;SIEM;Networking;Cryptography;Ethical Hacking;Vulnerability Assessment;Security Tools,8,Cybersecurity Analyst,Intermediate
STD_0449,B.E. Electronics and Communication,1.2,2,1,Statistics;Pandas;Scikit-learn;Machine Learning;Python;NLP,6,Data Scientist,Developing
STD_0446,B.E. Computer Science and Engineering,0.3,2,1,Problem Solving;Machine Learning;Data Visualization;Scikit-learn;Feature Engineering;Python;Deep Learning,7,Data Scientist,Developing
STD_0772,B.Tech Artificial Intelligence and Data Science,2.5,5,4,Linux;Communication;Java;OOP;JavaScript;Docker;Algorithms;Data Structures;REST API;SQL;Git;Problem Solving;CI/CD;C++;Agile,15,Software Developer,Job Ready
STD_0717,M.Tech Data Science & AI,0.3,0,0,Excel;Probability;Problem Solving,3,Data Analyst,Beginner
STD_0887,B.E. Computer Science and Engineering,1.1,2,0,JavaScript;Data Structures;Problem Solving;REST API;Threat Detection;Algorithms,6,Software Developer,Developing
STD_1245,B.Tech Artificial Intelligence and Data Science,0.8,2,2,Networking;Security Tools;SIEM;Python;Problem Solving,5,Cybersecurity Analyst,Developing
STD_0901,B.Tech Artificial Intelligence and Data Science,1.6,4,2,SQL;REST API;Git;Data Structures;Java;Agile;Algorithms;Docker;CI/CD;JavaScript;OOP;C++;Linux,13,Software Developer,Job Ready
STD_1036,BCA / MCA Computer Applications,3.8,4,3,Cryptography;Problem Solving;Networking;Linux;Threat Detection;Vulnerability Assessment;Python;Cybersecurity Fundamentals;Ethical Hacking;Git;Communication;SIEM,12,Cybersecurity Analyst,Job Ready
STD_0078,B.Tech Information Technology,0.1,1,0,Cloud Fundamentals;Scikit-learn;Machine Learning;SQL,4,AI/ML Engineer,Beginner
STD_0085,M.Tech Data Science & AI,0.3,1,0,Scikit-learn;Python,2,AI/ML Engineer,Beginner
STD_0835,B.E. Computer Science and Engineering,1.0,2,0,Data Structures;Communication;OOP;CI/CD;JavaScript;SQL;Algorithms,7,Software Developer,Developing
STD_0083,BCA / MCA Computer Applications,0.9,4,2,Git;Docker;Python;NLP;Cloud Fundamentals;NumPy;Model Deployment;Scikit-learn;Machine Learning;PyTorch,10,AI/ML Engineer,Intermediate
STD_0458,B.E. Electronics and Communication,1.5,5,2,NLP;NumPy;Feature Engineering;Python;Excel;Statistics;Linux;Machine Learning;SQL;Problem Solving;Probability;Communication;Scikit-learn;Git;Pandas;Deep Learning;Data Visualization,17,Data Scientist,Job Ready
STD_0919,M.Tech Data Science & AI,0.1,0,1,Excel;Linux;OOP;Python;JavaScript,5,Software Developer,Beginner
STD_0677,B.Tech Information Technology,2.8,5,4,Problem Solving;Excel;Pandas;Git;Probability;Tableau;Data Visualization;Communication;SQL;Power BI;Python;Computer Vision;Statistics;Data Cleaning,14,Data Analyst,Job Ready
STD_0985,M.Tech Data Science & AI,1.8,4,1,CI/CD;SQL;C++;Problem Solving;JavaScript;Communication;OOP;Data Structures;Docker,9,Software Developer,Intermediate
STD_1240,M.Tech Data Science & AI,3.1,4,3,Python;Threat Detection;Linux;Cryptography;Problem Solving;Ethical Hacking;Security Tools;Git;Communication;Vulnerability Assessment;SIEM;Networking,12,Cybersecurity Analyst,Job Ready
STD_0437,BCA / MCA Computer Applications,0.9,4,2,Pandas;Scikit-learn;Problem Solving;Deep Learning;NLP;SQL;Python;Feature Engineering;Excel;Probability,10,Data Scientist,Intermediate
STD_0771,B.Tech Information Technology,3.3,4,3,REST API;Git;SQL;Java;Python;Algorithms;Linux;JavaScript;Agile;OOP,10,Software Developer,Job Ready
STD_0645,BCA / MCA Computer Applications,0.2,1,0,NLP;Statistics;Probability;Pandas,4,Data Analyst,Beginner
STD_1120,B.E. Computer Science and Engineering,0.3,0,0,Machine Learning;Linux;Ethical Hacking;NumPy,4,Cybersecurity Analyst,Beginner
STD_0906,B.E. Computer Science and Engineering,0.0,0,0,OOP;C++;Linux,3,Software Developer,Beginner
STD_1194,B.E. Computer Science and Engineering,2.6,4,4,Linux;Git;Networking;Cryptography;Security Tools;Problem Solving;Communication;Python;Threat Detection;Cybersecurity Fundamentals;Vulnerability Assessment;SIEM,12,Cybersecurity Analyst,Job Ready
STD_0405,B.E. Computer Science and Engineering,0.9,4,1,Scikit-learn;Statistics;Communication;NLP;Pandas;Python;Docker;Machine Learning;NumPy,9,Data Scientist,Intermediate
STD_1304,M.Tech Data Science & AI,1.8,3,4,Scikit-learn;Azure;Problem Solving;Git;NumPy;Linux;Docker;Cloud Fundamentals;Networking;AWS;Kubernetes;Python;Virtualization,13,Cloud Engineer,Job Ready
STD_0934,B.E. Electronics and Communication,1.2,2,1,Linux;Algorithms;OOP;SQL;Git;Data Structures;Power BI;Communication,8,Software Developer,Developing
STD_1486,M.Tech Data Science & AI,0.7,1,1,AWS;Azure;Git;Networking;CI/CD;Python,6,Cloud Engineer,Developing
STD_0105,M.Tech Data Science & AI,0.9,3,1,Pandas;SQL;Deep Learning;MLOps;Model Deployment;Problem Solving;NumPy;NLP;Python;PyTorch;TensorFlow,11,AI/ML Engineer,Intermediate
STD_0610,B.Tech Information Technology,0.2,0,1,Problem Solving;Data Visualization;NumPy;SQL;PyTorch,5,Data Analyst,Beginner
STD_1456,B.E. Electronics and Communication,1.7,2,3,Linux;Kubernetes;CI/CD;Cloud Fundamentals;Docker;GCP;Azure;Virtualization;Security Tools,9,Cloud Engineer,Intermediate
STD_0689,B.Tech Artificial Intelligence and Data Science,1.1,1,1,Excel;Python;Git;Data Cleaning,4,Data Analyst,Developing
STD_0949,B.E. Computer Science and Engineering,3.1,4,3,Algorithms;SQL;Linux;OOP;JavaScript;Java;REST API;Git;Python;CI/CD;Communication;C++,12,Software Developer,Job Ready
STD_0932,BCA / MCA Computer Applications,0.3,2,1,Excel;Data Structures;C++;JavaScript;Linux;Data Visualization,6,Software Developer,Developing
STD_0063,B.Tech Information Technology,2.1,3,1,Pandas;Docker;NLP;Machine Learning;NumPy;Problem Solving;Scikit-learn;Deep Learning;Python;Model Deployment,10,AI/ML Engineer,Intermediate
STD_0282,B.E. Electronics and Communication,0.6,1,2,Deep Learning;Scikit-learn;Pandas;Statistics;Data Visualization;Probability,6,Data Scientist,Developing
STD_0779,M.Tech Data Science & AI,2.6,6,2,Python;Agile;OOP;REST API;Docker;Algorithms;CI/CD;Java;C++;Git;Data Structures;JavaScript;SQL;Linux,14,Software Developer,Job Ready
STD_1394,B.E. Electronics and Communication,0.8,2,1,Python;Virtualization;AWS;Cloud Fundamentals;Kubernetes;Azure;CI/CD,7,Cloud Engineer,Developing
STD_0239,B.Tech Artificial Intelligence and Data Science,1.2,4,2,PyTorch;Problem Solving;Machine Learning;TensorFlow;Statistics;MLOps;Pandas;NumPy;Model Deployment;Cloud Fundamentals,10,AI/ML Engineer,Intermediate
STD_0224,BCA / MCA Computer Applications,0.2,0,0,Deep Learning;Python,2,AI/ML Engineer,Beginner
STD_0146,BCA / MCA Computer Applications,1.7,4,2,Computer Vision;Statistics;Python;NLP;Deep Learning;MLOps;Cloud Fundamentals;Pandas;NumPy;Machine Learning;TensorFlow,11,AI/ML Engineer,Job Ready
STD_1399,M.Tech Data Science & AI,0.2,2,0,Linux;GCP;Kubernetes;Python,4,Cloud Engineer,Developing
STD_0374,M.Tech Data Science & AI,1.4,4,1,Probability;Machine Learning;NumPy;NLP;Statistics;Excel;Python;Pandas;Problem Solving;Deep Learning;Git,11,Data Scientist,Intermediate
STD_1229,BCA / MCA Computer Applications,0.6,1,2,Problem Solving;Cybersecurity Fundamentals;Communication;Threat Detection;Networking;Cryptography,6,Cybersecurity Analyst,Developing
STD_0119,B.E. Electronics and Communication,1.5,2,3,Computer Vision;Scikit-learn;Problem Solving;NumPy;MLOps;SQL;Cloud Fundamentals;Pandas;Git;Python;Machine Learning,11,AI/ML Engineer,Intermediate
STD_1167,B.Tech Artificial Intelligence and Data Science,0.9,1,1,Networking;Threat Detection;SIEM;Problem Solving;Linux;Security Tools;Cryptography,7,Cybersecurity Analyst,Developing
STD_0251,B.E. Computer Science and Engineering,0.9,2,1,Statistics;Git;NumPy;SQL;Problem Solving;Pandas;NLP;Scikit-learn,8,Data Scientist,Developing
STD_1445,B.Tech Information Technology,2.3,6,3,Pandas;Git;Cloud Fundamentals;Networking;AWS;GCP;Linux;Virtualization;CI/CD;Problem Solving;Docker;Azure;Python;Kubernetes;Scikit-learn;Security Tools,16,Cloud Engineer,Job Ready
STD_1023,B.E. Electronics and Communication,0.2,0,1,Linux;Threat Detection;Vulnerability Assessment;Problem Solving;Kubernetes;Communication,6,Cybersecurity Analyst,Beginner
STD_0010,B.Tech Artificial Intelligence and Data Science,0.0,0,1,MLOps;PyTorch,2,AI/ML Engineer,Beginner
STD_0450,B.E. Computer Science and Engineering,0.2,1,0,Machine Learning;Statistics,2,Data Scientist,Beginner
STD_0883,B.Tech Artificial Intelligence and Data Science,0.7,1,1,Pandas;Data Structures;Algorithms;SQL;Java;CI/CD;Data Visualization,7,Software Developer,Developing
STD_0709,B.E. Electronics and Communication,0.0,1,1,Communication;Excel;Data Visualization;Data Cleaning,4,Data Analyst,Beginner
STD_0256,B.E. Computer Science and Engineering,0.6,2,2,NLP;Machine Learning;Statistics;Scikit-learn;Problem Solving;Git;Data Visualization;SQL,8,Data Scientist,Developing
STD_0594,B.E. Computer Science and Engineering,2.0,4,1,Excel;Git;SQL;Power BI;Python;Data Cleaning;Data Visualization;Statistics;Problem Solving;Probability,10,Data Analyst,Intermediate
STD_0390,M.Tech Data Science & AI,0.3,2,0,Feature Engineering;Statistics;Data Visualization;SQL;NumPy;Probability,6,Data Scientist,Developing
STD_1088,BCA / MCA Computer Applications,1.2,2,2,Vulnerability Assessment;AWS;Communication;Ethical Hacking;Cryptography;Networking;Python;SIEM;Security Tools,9,Cybersecurity Analyst,Developing
STD_1201,B.Tech Information Technology,0.2,0,1,Cryptography;Networking;Git;Linux;Data Structures,5,Cybersecurity Analyst,Beginner
STD_0558,BCA / MCA Computer Applications,0.0,0,0,Statistics;Python;Scikit-learn;Machine Learning;SQL,5,Data Analyst,Beginner
STD_1288,B.Tech Information Technology,1.7,4,2,Docker;Git;Kubernetes;Python;Networking;Statistics;Virtualization;AWS;Data Visualization;Security Tools;CI/CD,11,Cloud Engineer,Intermediate
STD_0840,B.Tech Information Technology,0.6,1,0,Java;Communication;JavaScript;OOP;Docker,5,Software Developer,Developing
STD_0461,M.Tech Data Science & AI,1.0,1,2,NLP;Java;NumPy;Pandas;Statistics;Git;Machine Learning;Communication,8,Data Scientist,Developing
STD_0724,B.E. Computer Science and Engineering,0.2,1,1,Communication;Tableau;Pandas,3,Data Analyst,Beginner
STD_1382,B.E. Computer Science and Engineering,1.2,4,1,Probability;Git;Networking;Cloud Fundamentals;GCP;CI/CD;Scikit-learn;Problem Solving;Virtualization;Docker;Kubernetes;Security Tools,12,Cloud Engineer,Intermediate
STD_0145,BCA / MCA Computer Applications,1.0,2,1,MLOps;SQL;Python;Machine Learning;Pandas;Model Deployment;Deep Learning;TensorFlow;PyTorch;NLP,10,AI/ML Engineer,Intermediate
STD_0502,BCA / MCA Computer Applications,2.8,3,3,Linux;Problem Solving;Communication;Statistics;Data Cleaning;Git;SQL;Pandas;Python;Data Visualization;Probability;Tableau;Excel;Virtualization;Power BI,15,Data Analyst,Job Ready
STD_1099,B.E. Electronics and Communication,2.2,2,2,Linux;Communication;SIEM;Threat Detection;Cybersecurity Fundamentals;Vulnerability Assessment;Ethical Hacking;Security Tools;Networking,9,Cybersecurity Analyst,Intermediate
STD_0740,M.Tech Data Science & AI,1.6,4,2,Git;Problem Solving;Communication;Tableau;Pandas;Probability;Power BI;SQL;Data Visualization;Python;Excel;Data Cleaning,12,Data Analyst,Job Ready
STD_1385,B.Tech Information Technology,2.4,6,3,Kubernetes;CI/CD;Python;AWS;TensorFlow;Machine Learning;Problem Solving;Docker;Linux;Cloud Fundamentals;Azure;Networking,12,Cloud Engineer,Job Ready
STD_0732,B.Tech Information Technology,1.0,2,1,Data Visualization;Statistics;Excel;Probability;Power BI;SQL,6,Data Analyst,Developing
STD_0540,M.Tech Data Science & AI,2.1,4,2,Data Visualization;Communication;AWS;Statistics;Networking;Python;Probability;SQL;Pandas,9,Data Analyst,Intermediate
STD_0178,BCA / MCA Computer Applications,0.2,1,0,Kubernetes;Deep Learning;Git;Model Deployment;NLP;Scikit-learn;Linux,7,AI/ML Engineer,Beginner
STD_1447,B.E. Computer Science and Engineering,0.3,0,0,Azure;CI/CD;Kubernetes,3,Cloud Engineer,Beginner
STD_0698,BCA / MCA Computer Applications,0.8,2,0,Statistics;Communication;Pandas;C++;Problem Solving;SQL,6,Data Analyst,Developing
STD_0941,B.E. Electronics and Communication,0.6,2,0,Java;Algorithms;OOP;C++;Communication;Docker;REST API;CI/CD;Virtualization,9,Software Developer,Developing
STD_1050,B.E. Computer Science and Engineering,2.2,3,2,Cryptography;Python;JavaScript;Vulnerability Assessment;Communication;OOP;Git;Linux;Networking;Cybersecurity Fundamentals;Threat Detection;Problem Solving,12,Cybersecurity Analyst,Job Ready
STD_0923,B.Tech Information Technology,2.0,2,3,REST API;Data Structures;Agile;C++;SQL;Communication;Algorithms;Git;Linux,9,Software Developer,Intermediate
STD_0899,B.Tech Information Technology,1.9,6,3,Python;Problem Solving;REST API;OOP;JavaScript;SQL;Git;CI/CD;Linux;Computer Vision;Data Structures;C++;Docker;Algorithms;Java,15,Software Developer,Job Ready
STD_1493,BCA / MCA Computer Applications,0.5,0,0,Virtualization;Linux;Git;Azure,4,Cloud Engineer,Beginner
STD_0008,B.E. Electronics and Communication,0.1,0,0,SQL;NumPy;PyTorch,3,AI/ML Engineer,Beginner
STD_0863,BCA / MCA Computer Applications,0.3,0,0,SQL;Data Cleaning;Statistics,3,Software Developer,Beginner
STD_0668,B.Tech Artificial Intelligence and Data Science,1.0,1,2,Problem Solving;Statistics;Data Cleaning;Power BI;Excel;Data Visualization;Probability;Tableau,8,Data Analyst,Developing
STD_1161,B.Tech Artificial Intelligence and Data Science,0.3,1,1,Cybersecurity Fundamentals;Communication;Linux,3,Cybersecurity Analyst,Beginner
STD_0358,B.Tech Artificial Intelligence and Data Science,1.5,6,3,Communication;Scikit-learn;Machine Learning;NLP;NumPy;Python;Statistics;Data Visualization;Deep Learning;Pandas;Probability;Excel;Git;Problem Solving;SQL;Feature Engineering,16,Data Scientist,Job Ready
STD_0784,B.E. Computer Science and Engineering,0.8,2,2,Problem Solving;Algorithms;REST API;OOP;C++;Communication;JavaScript,7,Software Developer,Developing
STD_0736,B.Tech Information Technology,3.6,3,3,Problem Solving;Tableau;Statistics;Probability;Power BI;Communication;SQL;Data Cleaning;Pandas;Data Visualization;Git;Excel,12,Data Analyst,Job Ready
STD_0330,B.E. Electronics and Communication,0.4,2,2,NLP;Machine Learning;NumPy;Excel;Data Visualization;Python;Problem Solving,7,Data Scientist,Developing
STD_1056,BCA / MCA Computer Applications,1.5,3,2,Problem Solving;Ethical Hacking;Networking;Linux;Git;Security Tools;Vulnerability Assessment;Communication;PyTorch;Python;Threat Detection;Cybersecurity Fundamentals,12,Cybersecurity Analyst,Intermediate
STD_1149,B.Tech Artificial Intelligence and Data Science,0.7,1,1,Cybersecurity Fundamentals;OOP;Vulnerability Assessment;Linux;REST API;Problem Solving;Cryptography;Threat Detection,8,Cybersecurity Analyst,Developing
STD_1118,B.E. Computer Science and Engineering,0.6,2,0,Problem Solving;Networking;Linux;Python,4,Cybersecurity Analyst,Developing
STD_0259,M.Tech Data Science & AI,0.6,2,0,Kubernetes;AWS;Scikit-learn;Probability;NumPy;Problem Solving;Python;Data Cleaning;Data Visualization,9,Data Scientist,Developing
STD_1176,B.E. Computer Science and Engineering,2.1,3,3,Security Tools;Linux;Communication;Threat Detection;Problem Solving;Python;SIEM;Cryptography;Git;Networking;Vulnerability Assessment,11,Cybersecurity Analyst,Intermediate
STD_0373,B.Tech Information Technology,1.8,4,2,Problem Solving;Scikit-learn;Pandas;Git;Probability;NLP;Data Cleaning;NumPy;SQL;Machine Learning,10,Data Scientist,Intermediate
STD_1104,B.Tech Artificial Intelligence and Data Science,1.6,4,3,Security Tools;SIEM;Vulnerability Assessment;Linux;Git;Ethical Hacking;Problem Solving;Threat Detection;Cryptography,9,Cybersecurity Analyst,Intermediate
STD_0926,B.E. Electronics and Communication,1.4,4,3,Algorithms;REST API;Java;JavaScript;Agile;Git;Problem Solving;SQL;Networking,9,Software Developer,Intermediate
STD_0143,M.Tech Data Science & AI,1.7,5,3,Computer Vision;Git;Model Deployment;Pandas;NumPy;NLP;Deep Learning;Problem Solving;PyTorch;SQL;MLOps;Scikit-learn;Python;TensorFlow;Machine Learning;Statistics;Cloud Fundamentals,17,AI/ML Engineer,Job Ready
STD_0526,B.E. Electronics and Communication,0.5,1,1,Data Cleaning;Probability,2,Data Analyst,Beginner
STD_1139,BCA / MCA Computer Applications,2.2,2,2,Security Tools;Docker;Git;Cryptography;Cybersecurity Fundamentals;Ethical Hacking;Communication;Python;Linux;Vulnerability Assessment;Threat Detection,11,Cybersecurity Analyst,Intermediate
STD_1008,M.Tech Data Science & AI,0.3,0,0,Threat Detection;Linux;Statistics,3,Cybersecurity Analyst,Beginner
STD_1122,B.Tech Information Technology,0.4,1,0,Git;Communication;Threat Detection,3,Cybersecurity Analyst,Beginner
STD_1424,B.Tech Information Technology,2.6,4,3,Azure;Networking;SQL;Virtualization;Cloud Fundamentals;Git;Kubernetes;AWS;Security Tools;Linux;Problem Solving;Docker;Data Structures;GCP;Python,15,Cloud Engineer,Job Ready
STD_0441,B.E. Computer Science and Engineering,1.1,2,1,NLP;Deep Learning;Problem Solving;Python;SQL;Feature Engineering;Statistics;NumPy;Communication;Scikit-learn;Probability;Pandas,12,Data Scientist,Intermediate
STD_0532,B.E. Electronics and Communication,1.3,4,2,Power BI;Statistics;Pandas;Communication;Probability;SQL;Data Cleaning;Tableau;Excel;Git;Python;Problem Solving,12,Data Analyst,Intermediate
STD_1202,B.Tech Artificial Intelligence and Data Science,1.6,6,3,Ethical Hacking;Threat Detection;SIEM;Cybersecurity Fundamentals;Python;Cryptography;Security Tools;Communication;Linux;Git;Vulnerability Assessment;Problem Solving,12,Cybersecurity Analyst,Job Ready
STD_0227,B.Tech Information Technology,1.3,3,3,Docker;Python;TensorFlow;Cloud Fundamentals;Pandas;MLOps;NLP;Computer Vision,8,AI/ML Engineer,Intermediate
STD_1037,B.E. Computer Science and Engineering,1.2,4,3,Git;Security Tools;Networking;Cybersecurity Fundamentals;Python;Ethical Hacking;Vulnerability Assessment;Excel;Communication;SIEM;Pandas,11,Cybersecurity Analyst,Intermediate
STD_0229,B.E. Computer Science and Engineering,2.0,3,1,NumPy;SQL;Scikit-learn;Machine Learning;Model Deployment;TensorFlow;Statistics;Deep Learning,8,AI/ML Engineer,Intermediate
STD_1280,BCA / MCA Computer Applications,1.9,4,1,GCP;Problem Solving;Kubernetes;Linux;CI/CD;Cloud Fundamentals;AWS;Security Tools;Docker,9,Cloud Engineer,Intermediate
STD_1450,B.E. Computer Science and Engineering,3.3,4,3,Linux;AWS;Statistics;Docker;Networking;Python;Git;Azure;Kubernetes;Virtualization;Cloud Fundamentals;GCP;Data Visualization;Problem Solving,14,Cloud Engineer,Job Ready
STD_0213,B.Tech Information Technology,0.1,1,0,NLP,1,AI/ML Engineer,Beginner
STD_0080,M.Tech Data Science & AI,0.2,0,1,Computer Vision;Git;Pandas,3,AI/ML Engineer,Beginner
STD_0149,BCA / MCA Computer Applications,1.7,3,4,NumPy;Python;Problem Solving;NLP;Pandas;Machine Learning;SQL;Computer Vision;Scikit-learn;Statistics;MLOps;PyTorch;Deep Learning;Docker;TensorFlow,15,AI/ML Engineer,Job Ready
STD_0815,B.E. Electronics and Communication,0.0,1,0,CI/CD;Algorithms;REST API;Problem Solving;Java,5,Software Developer,Beginner
STD_0904,B.Tech Information Technology,0.4,1,0,Docker;Data Structures;Algorithms;Git,4,Software Developer,Developing
STD_0959,B.E. Computer Science and Engineering,0.9,4,1,Data Visualization;SQL;Java;CI/CD;Docker;Pandas;Problem Solving;C++;OOP;Git;Communication;Data Structures;REST API,13,Software Developer,Intermediate
STD_0672,B.E. Computer Science and Engineering,1.9,2,1,SQL;Probability;Statistics;Communication;Data Cleaning;Data Visualization;Git;Problem Solving;Pandas,9,Data Analyst,Intermediate
STD_1156,B.Tech Information Technology,3.2,4,2,Git;Linux;Threat Detection;Vulnerability Assessment;Cryptography;Ethical Hacking;Networking;Cybersecurity Fundamentals;Python;Security Tools;Communication,11,Cybersecurity Analyst,Job Ready
STD_0556,B.E. Electronics and Communication,0.1,0,1,Probability;Statistics;Excel;Pandas,4,Data Analyst,Beginner
STD_0908,B.Tech Artificial Intelligence and Data Science,0.4,1,1,Cloud Fundamentals;Java;SQL;REST API,4,Software Developer,Beginner
STD_0134,BCA / MCA Computer Applications,0.3,0,1,Pandas;REST API;JavaScript;Scikit-learn,4,AI/ML Engineer,Beginner
STD_1109,B.E. Computer Science and Engineering,1.4,2,1,Cybersecurity Fundamentals;Cryptography;SIEM;Linux;Git;Ethical Hacking;Vulnerability Assessment;Security Tools;Communication;Problem Solving;Python,11,Cybersecurity Analyst,Intermediate
STD_0824,B.Tech Information Technology,0.9,2,2,OOP;Git;Python;Data Structures;Java;Linux,6,Software Developer,Developing
STD_0409,B.Tech Artificial Intelligence and Data Science,1.2,1,1,Data Cleaning;Data Visualization;Scikit-learn;Pandas;Communication,5,Data Scientist,Developing
STD_0369,BCA / MCA Computer Applications,1.5,5,3,Deep Learning;NLP;Pandas;Git;Data Visualization;Probability;NumPy;Communication;Scikit-learn;Machine Learning;Data Cleaning;Excel;Python;Problem Solving;SQL;Vulnerability Assessment;Feature Engineering,17,Data Scientist,Job Ready
STD_0508,B.E. Electronics and Communication,0.1,1,1,Data Cleaning;AWS,2,Data Analyst,Beginner
STD_1182,M.Tech Data Science & AI,0.9,4,1,Security Tools;Networking;SIEM;Linux;Statistics;Problem Solving;Vulnerability Assessment;Git;Cybersecurity Fundamentals;Communication,10,Cybersecurity Analyst,Intermediate
STD_0505,M.Tech Data Science & AI,1.2,4,2,Git;Data Cleaning;Communication;Tableau;Python;Power BI;Pandas;Probability;SQL;Data Visualization,10,Data Analyst,Intermediate
STD_1489,B.E. Electronics and Communication,0.6,1,2,Linux;Kubernetes;Cloud Fundamentals;Azure;GCP;Networking,6,Cloud Engineer,Developing
STD_0348,B.E. Computer Science and Engineering,0.8,1,1,Pandas;Python;Probability;Machine Learning;Feature Engineering;Deep Learning,6,Data Scientist,Developing
STD_0387,B.Tech Artificial Intelligence and Data Science,2.1,2,1,Scikit-learn;Java;SQL;Deep Learning;Data Visualization;Problem Solving;Probability;Excel;Machine Learning,9,Data Scientist,Intermediate
STD_0001,M.Tech Data Science & AI,0.1,0,0,NumPy;TensorFlow;Excel;Statistics;NLP,5,AI/ML Engineer,Beginner
STD_0361,B.E. Computer Science and Engineering,1.5,2,1,Python;Pandas;SQL;Statistics;NLP;Scikit-learn;Probability;Excel;Deep Learning;Feature Engineering;Machine Learning;Data Visualization,12,Data Scientist,Intermediate
STD_0895,BCA / MCA Computer Applications,0.6,1,0,Git;JavaScript;CI/CD;OOP,4,Software Developer,Developing
STD_0829,BCA / MCA Computer Applications,1.0,2,1,Git;REST API;Algorithms;Python;Linux;Problem Solving;Java;Agile;OOP;SQL;Data Structures;CI/CD,12,Software Developer,Intermediate
STD_1416,M.Tech Data Science & AI,1.1,2,0,Networking;GCP;Cloud Fundamentals;Kubernetes;AWS,5,Cloud Engineer,Developing
STD_0476,M.Tech Data Science & AI,1.0,3,1,NumPy;Probability;Statistics;Pandas;Cryptography;Problem Solving;Git;Machine Learning;SQL;Python,10,Data Scientist,Intermediate
STD_1281,B.Tech Artificial Intelligence and Data Science,0.0,1,0,Virtualization;Kubernetes;CI/CD;GCP,4,Cloud Engineer,Beginner
STD_0058,B.Tech Information Technology,0.9,2,2,Problem Solving;Scikit-learn;Machine Learning;SQL;Statistics;PyTorch;Python,7,AI/ML Engineer,Developing
STD_0638,B.Tech Information Technology,1.6,4,2,Data Cleaning;SQL;Pandas;Git;Python;Communication;Power BI;Data Visualization;NumPy,9,Data Analyst,Intermediate
STD_1331,B.Tech Information Technology,1.0,2,0,AWS;Linux;Azure;Security Tools;Networking;Docker,6,Cloud Engineer,Developing
STD_1054,BCA / MCA Computer Applications,1.6,4,2,Security Tools;Data Structures;Linux;Vulnerability Assessment;Git;Cybersecurity Fundamentals;Networking;Threat Detection;Cryptography;JavaScript;Problem Solving,11,Cybersecurity Analyst,Intermediate
STD_1371,B.Tech Information Technology,1.3,2,1,Cloud Fundamentals;Networking;Virtualization;Git;Docker;GCP;Linux;Kubernetes;Problem Solving;Security Tools;Python,11,Cloud Engineer,Intermediate
STD_0173,M.Tech Data Science & AI,1.1,4,3,Machine Learning;Docker;TensorFlow;Model Deployment;NumPy;Pandas;NLP;Deep Learning;SQL;PyTorch,10,AI/ML Engineer,Intermediate
STD_0451,B.E. Electronics and Communication,2.5,3,2,Data Cleaning;Data Visualization;NLP;Scikit-learn;Pandas;Excel;Feature Engineering;Problem Solving;SQL;Git;Statistics;Deep Learning;Communication;Probability;NumPy,15,Data Scientist,Job Ready
STD_0126,B.Tech Artificial Intelligence and Data Science,0.4,1,1,Statistics;TensorFlow,2,AI/ML Engineer,Beginner
STD_1180,B.Tech Artificial Intelligence and Data Science,0.2,2,0,Linux;Threat Detection;Communication;Python;Vulnerability Assessment,5,Cybersecurity Analyst,Developing
STD_0531,B.E. Computer Science and Engineering,0.7,2,1,Probability;Data Visualization;Python;Power BI,4,Data Analyst,Developing
STD_0858,M.Tech Data Science & AI,0.3,0,1,Python;C++;JavaScript,3,Software Developer,Beginner
STD_0714,B.Tech Artificial Intelligence and Data Science,0.1,1,0,Data Visualization;Python;Power BI,3,Data Analyst,Beginner
STD_0091,B.Tech Artificial Intelligence and Data Science,1.8,2,3,Scikit-learn;MLOps;Data Cleaning;Git;SQL;NLP;Statistics;PyTorch;Deep Learning;Docker;Computer Vision;Machine Learning;NumPy,13,AI/ML Engineer,Intermediate
STD_1451,B.E. Electronics and Communication,1.4,2,2,Problem Solving;Python;Virtualization;Cloud Fundamentals;Networking;AWS;Statistics;Excel;Git,9,Cloud Engineer,Intermediate
STD_0182,B.E. Computer Science and Engineering,0.2,0,1,Scikit-learn;Deep Learning;Docker;Git;Computer Vision,5,AI/ML Engineer,Beginner
STD_0876,B.Tech Information Technology,1.8,2,2,Problem Solving;C++;Data Structures;Communication;Git;REST API;Algorithms;Python;Java,9,Software Developer,Intermediate
STD_1031,B.Tech Artificial Intelligence and Data Science,0.9,1,2,SIEM;Threat Detection;Git;Cryptography;Security Tools,5,Cybersecurity Analyst,Developing
STD_0787,M.Tech Data Science & AI,0.1,1,1,C++,1,Software Developer,Beginner
STD_0415,B.E. Computer Science and Engineering,1.0,1,1,Machine Learning;NumPy;Data Visualization;Statistics;Feature Engineering;Pandas,6,Data Scientist,Developing
STD_0252,B.E. Electronics and Communication,0.4,1,1,Pandas;Excel;NumPy,3,Data Scientist,Beginner
STD_0070,B.Tech Artificial Intelligence and Data Science,3.3,4,3,TensorFlow;Cloud Fundamentals;Git;Scikit-learn;Machine Learning;NLP;Statistics;Pandas;NumPy;Deep Learning;Computer Vision;PyTorch;Python,13,AI/ML Engineer,Job Ready
STD_0804,BCA / MCA Computer Applications,2.4,4,4,Problem Solving;C++;Algorithms;JavaScript;SQL;Data Structures;Java;Communication;Agile;Git,10,Software Developer,Job Ready
STD_0132,BCA / MCA Computer Applications,1.1,2,2,SQL;NLP;Cloud Fundamentals;Python;Cryptography;Pandas;Machine Learning;MLOps;Deep Learning;NumPy;TensorFlow;Model Deployment;Statistics,13,AI/ML Engineer,Intermediate
STD_0301,M.Tech Data Science & AI,0.8,2,1,Git;Excel;Statistics;Deep Learning;C++;SQL;Data Visualization;NumPy;Machine Learning,9,Data Scientist,Developing
STD_1430,B.Tech Information Technology,0.9,2,0,Cloud Fundamentals;AWS;GCP;Security Tools;Docker;Linux;SQL;Networking,8,Cloud Engineer,Developing
STD_0327,B.E. Computer Science and Engineering,0.2,1,1,Machine Learning;Probability;Statistics;TensorFlow;NumPy;Deep Learning,6,Data Scientist,Beginner
STD_1465,B.Tech Information Technology,1.4,2,2,Linux;Virtualization;Python;Kubernetes;CI/CD;GCP;Problem Solving;Docker;Azure;Cloud Fundamentals;Git;Networking,12,Cloud Engineer,Intermediate
STD_1114,B.Tech Information Technology,1.5,3,3,Communication;Linux;Cryptography;Ethical Hacking;SIEM;Problem Solving;Threat Detection;Networking;Vulnerability Assessment;Security Tools;Git;Cybersecurity Fundamentals,12,Cybersecurity Analyst,Intermediate
STD_0500,BCA / MCA Computer Applications,0.8,2,0,Data Visualization;Deep Learning;Probability;Problem Solving;Feature Engineering;Pandas;Scikit-learn;Machine Learning,8,Data Scientist,Developing
STD_1378,M.Tech Data Science & AI,3.6,3,2,Security Tools;Cloud Fundamentals;Problem Solving;Virtualization;Linux;GCP;AWS;Azure;Networking;Python;Docker;Kubernetes;Git;CI/CD,14,Cloud Engineer,Job Ready
STD_0833,M.Tech Data Science & AI,1.1,2,2,Data Structures;OOP;Problem Solving;C++;Java;Docker;REST API,7,Software Developer,Intermediate
STD_0365,BCA / MCA Computer Applications,1.5,4,2,Git;NLP;Python;Probability;SQL;Data Cleaning;Deep Learning;Machine Learning;Statistics;Data Visualization;Pandas;Problem Solving,12,Data Scientist,Intermediate
STD_0496,B.Tech Information Technology,1.5,3,2,NLP;Communication;NumPy;Statistics;SQL;Scikit-learn;Feature Engineering;Pandas;Python,9,Data Scientist,Intermediate
STD_1395,B.Tech Artificial Intelligence and Data Science,0.9,2,1,AWS;Cloud Fundamentals;CI/CD;Security Tools;Azure;Linux;Virtualization,7,Cloud Engineer,Developing
STD_0339,B.Tech Artificial Intelligence and Data Science,0.3,0,0,Communication;Pandas;Python;Statistics,4,Data Scientist,Beginner
STD_0422,B.E. Computer Science and Engineering,0.9,1,0,Problem Solving;SQL;Statistics;Excel;Machine Learning;Probability;Python;Deep Learning,8,Data Scientist,Developing
STD_0165,B.E. Computer Science and Engineering,1.0,1,1,Pandas;NLP;Machine Learning;Problem Solving;TensorFlow;Python,6,AI/ML Engineer,Developing
STD_0029,B.E. Electronics and Communication,0.5,1,0,Docker;PyTorch;Model Deployment;Machine Learning;NLP;TensorFlow;Statistics;Scikit-learn,8,AI/ML Engineer,Developing
STD_0517,B.E. Electronics and Communication,2.4,4,2,Data Cleaning;Power BI;SQL;Python;Communication;Statistics;Scikit-learn;Excel;PyTorch;Git;Problem Solving;Probability;Tableau;Data Visualization;Pandas,15,Data Analyst,Job Ready
STD_0194,B.E. Computer Science and Engineering,1.5,3,3,MLOps;Pandas;Scikit-learn;TensorFlow;Model Deployment;Python;Deep Learning,7,AI/ML Engineer,Intermediate
STD_1328,BCA / MCA Computer Applications,1.1,4,1,Python;Networking;Docker;Cloud Fundamentals;Security Tools;Kubernetes;GCP;CI/CD;Linux,9,Cloud Engineer,Intermediate
STD_1362,B.E. Electronics and Communication,0.5,1,1,Networking;CI/CD;Security Tools;AWS;Linux;Git;Virtualization,7,Cloud Engineer,Developing
STD_0946,B.E. Computer Science and Engineering,0.6,1,2,Algorithms;REST API;SQL;Communication;JavaScript;Java,6,Software Developer,Developing
STD_1361,B.E. Computer Science and Engineering,0.4,1,1,AWS;CI/CD,2,Cloud Engineer,Beginner
STD_0170,B.E. Computer Science and Engineering,1.8,6,4,Machine Learning;Statistics;PyTorch;NLP;Docker;Pandas;NumPy;Model Deployment;Python;Problem Solving;SQL;TensorFlow;Scikit-learn;Deep Learning;Computer Vision,15,AI/ML Engineer,Job Ready
STD_0168,BCA / MCA Computer Applications,0.6,2,1,Docker;MLOps;Pandas;SQL;Scikit-learn;Git;Computer Vision;Data Structures;Python;TensorFlow,10,AI/ML Engineer,Developing
STD_0653,B.E. Electronics and Communication,1.1,2,1,SQL;Machine Learning;Data Cleaning;Pandas;Probability;Data Visualization;Statistics,7,Data Analyst,Developing
STD_0174,B.Tech Artificial Intelligence and Data Science,0.1,0,1,SQL;Machine Learning;Python,3,AI/ML Engineer,Beginner
STD_0519,M.Tech Data Science & AI,0.5,1,2,Probability;Excel;Data Visualization;Tableau;Pandas,5,Data Analyst,Developing
STD_1214,BCA / MCA Computer Applications,1.0,1,0,Vulnerability Assessment;Ethical Hacking;Networking;Problem Solving;Cryptography;Python,6,Cybersecurity Analyst,Developing
STD_1401,B.E. Electronics and Communication,1.0,2,3,Cloud Fundamentals;CI/CD;Python;Security Tools;Docker;Git;Linux;Virtualization,8,Cloud Engineer,Intermediate
STD_0913,B.Tech Information Technology,0.9,3,1,Agile;Linux;Algorithms;JavaScript;C++;Problem Solving;Git;SQL;CI/CD;OOP,10,Software Developer,Intermediate
STD_0492,B.E. Electronics and Communication,2.0,3,1,Problem Solving;SQL;Machine Learning;Git;Statistics;Data Visualization;Python;NumPy;Pandas,9,Data Scientist,Intermediate
STD_0954,B.Tech Information Technology,1.4,4,3,Communication;Algorithms;REST API;CI/CD;JavaScript;Agile;Data Structures;Java;OOP;Python;Git,11,Software Developer,Intermediate
STD_0074,M.Tech Data Science & AI,3.8,5,4,NumPy;Machine Learning;NLP;Scikit-learn;Pandas;Deep Learning;MLOps;Python;Model Deployment;Cloud Fundamentals;Computer Vision;Problem Solving;SQL;Docker;TensorFlow;Statistics,16,AI/ML Engineer,Job Ready
STD_1253,B.E. Electronics and Communication,0.2,1,0,Kubernetes;Azure;Docker;Python;CI/CD;Cloud Fundamentals,6,Cloud Engineer,Developing
STD_0588,B.E. Computer Science and Engineering,0.5,1,0,Git;Python;Excel,3,Data Analyst,Beginner
STD_0751,B.Tech Information Technology,3.5,3,2,CI/CD;C++;Data Structures;REST API;Communication;Docker;Agile;Git;Problem Solving;Algorithms;OOP;Java;Linux;SQL;Python,15,Software Developer,Job Ready
STD_0658,B.Tech Artificial Intelligence and Data Science,0.0,1,1,Power BI;Pandas;SQL;Tableau,4,Data Analyst,Beginner
STD_0843,B.E. Computer Science and Engineering,1.6,6,2,C++;Docker;Data Structures;Communication;Git;Python;Algorithms;Java;REST API;Problem Solving;JavaScript,11,Software Developer,Job Ready
STD_0235,B.Tech Artificial Intelligence and Data Science,1.8,3,1,Scikit-learn;Computer Vision;PyTorch;NLP;SQL;Data Visualization;Problem Solving;Deep Learning;NumPy,9,AI/ML Engineer,Intermediate
STD_0733,B.Tech Artificial Intelligence and Data Science,0.3,0,1,Git;Data Visualization;Pandas;Tableau,4,Data Analyst,Beginner
STD_0215,M.Tech Data Science & AI,1.0,1,1,Python;NLP;Scikit-learn;Problem Solving,4,AI/ML Engineer,Developing
STD_0163,B.Tech Artificial Intelligence and Data Science,1.8,4,3,Pandas;Linux;Git;MLOps;TensorFlow;Deep Learning;PyTorch;NumPy;Statistics,9,AI/ML Engineer,Intermediate
STD_0133,BCA / MCA Computer Applications,3.6,4,2,NLP;SQL;Pandas;Model Deployment;TensorFlow;Python;MLOps;Computer Vision;Problem Solving;Machine Learning;NumPy;Git;PyTorch;Cloud Fundamentals;Docker;Statistics,16,AI/ML Engineer,Job Ready
STD_1312,B.E. Computer Science and Engineering,0.5,1,1,Data Cleaning;Git;Pandas;AWS,4,Cloud Engineer,Beginner
STD_0223,B.Tech Information Technology,1.0,2,2,Cloud Fundamentals;NLP;Computer Vision;Scikit-learn;Machine Learning;PyTorch;Model Deployment,7,AI/ML Engineer,Developing
STD_1228,B.E. Electronics and Communication,0.8,1,0,Communication;Python;Linux;Networking;Cybersecurity Fundamentals;Threat Detection,6,Cybersecurity Analyst,Developing
STD_0935,B.Tech Information Technology,0.9,2,0,Agile;OOP;Git;SQL;Docker;C++;REST API;Communication,8,Software Developer,Developing
STD_0186,B.E. Computer Science and Engineering,1.7,2,2,NumPy;Model Deployment;Cloud Fundamentals;Python;TensorFlow;Docker;Machine Learning;PyTorch;SQL;Statistics;NLP;Scikit-learn,12,AI/ML Engineer,Intermediate
STD_0042,B.E. Computer Science and Engineering,1.4,4,2,NLP;Machine Learning;Git;Computer Vision;Python;Deep Learning;Pandas;TensorFlow;MLOps;Networking,10,AI/ML Engineer,Intermediate
STD_0693,B.E. Electronics and Communication,2.6,3,4,Problem Solving;Probability;Power BI;Python;SQL;Tableau;Statistics;Pandas;Git;Data Visualization;Communication;Data Cleaning,12,Data Analyst,Job Ready
STD_0109,B.E. Electronics and Communication,0.5,1,1,PyTorch;Deep Learning;AWS,3,AI/ML Engineer,Beginner
STD_0039,B.E. Electronics and Communication,3.1,6,3,NumPy;SQL;Model Deployment;MLOps;Docker;NLP;Machine Learning;Python;Deep Learning;Computer Vision;Cloud Fundamentals;Problem Solving;Pandas;Statistics;Scikit-learn;PyTorch,16,AI/ML Engineer,Job Ready
STD_0569,B.Tech Artificial Intelligence and Data Science,0.7,1,2,Pandas;Vulnerability Assessment;Statistics;Power BI;Probability;Python,6,Data Analyst,Developing
STD_0995,B.E. Computer Science and Engineering,0.5,1,0,AWS;Docker;CI/CD;Git;Kubernetes;Python;Algorithms;JavaScript,8,Software Developer,Developing
STD_1343,B.E. Computer Science and Engineering,1.3,3,2,Kubernetes;Virtualization;AWS;Docker;Security Tools;Cloud Fundamentals;Linux;GCP,8,Cloud Engineer,Intermediate
STD_1442,B.E. Computer Science and Engineering,0.2,1,2,Problem Solving;CI/CD;Virtualization;AWS;Networking;GCP;Cloud Fundamentals,7,Cloud Engineer,Developing
STD_0484,M.Tech Data Science & AI,1.7,2,1,Machine Learning;SQL;Statistics;Pandas;Probability;NumPy;Git;Data Cleaning;Deep Learning,9,Data Scientist,Intermediate
STD_0469,B.Tech Artificial Intelligence and Data Science,0.7,2,1,Git;NLP;Data Cleaning;SQL;NumPy;Pandas;Scikit-learn,7,Data Scientist,Developing
STD_0891,B.Tech Artificial Intelligence and Data Science,0.1,1,0,JavaScript;C++;REST API,3,Software Developer,Beginner
STD_0948,BCA / MCA Computer Applications,0.2,1,1,CI/CD;Algorithms;REST API;Git;NumPy;NLP,6,Software Developer,Beginner
STD_0025,B.E. Electronics and Communication,0.9,2,0,NLP;Computer Vision;Scikit-learn;Statistics;Python;Problem Solving;Machine Learning,7,AI/ML Engineer,Developing
STD_1010,B.Tech Information Technology,2.2,3,1,Security Tools;Python;Cryptography;Communication;Problem Solving;Vulnerability Assessment;Ethical Hacking;Git;Threat Detection;Networking;SIEM,11,Cybersecurity Analyst,Intermediate
STD_1193,BCA / MCA Computer Applications,1.0,3,3,Cryptography;Threat Detection;Vulnerability Assessment;Communication;Git;Linux;Cybersecurity Fundamentals;Security Tools;NLP,9,Cybersecurity Analyst,Intermediate
STD_0069,B.E. Computer Science and Engineering,0.8,1,0,Python;Machine Learning;Model Deployment;Git;Docker;PyTorch,6,AI/ML Engineer,Developing
STD_0885,M.Tech Data Science & AI,3.7,6,4,Data Structures;C++;Algorithms;REST API;JavaScript;Communication;Git;Java;OOP;NumPy;SQL;Linux;Docker,13,Software Developer,Job Ready
STD_1355,B.Tech Information Technology,0.2,0,0,Linux;Problem Solving;CI/CD;Virtualization,4,Cloud Engineer,Beginner
STD_0367,B.Tech Information Technology,0.1,1,1,AWS;Communication;Statistics,3,Data Scientist,Beginner
STD_0506,BCA / MCA Computer Applications,0.8,1,2,Power BI;Statistics;Pandas;Data Visualization;Problem Solving,5,Data Analyst,Developing
STD_0851,M.Tech Data Science & AI,0.4,0,0,Data Structures;CI/CD;Docker,3,Software Developer,Beginner
STD_1316,B.Tech Information Technology,0.2,0,0,SQL;Virtualization;CI/CD;AWS;GCP;Docker,6,Cloud Engineer,Beginner
STD_0384,B.Tech Information Technology,0.2,0,1,Statistics,1,Data Scientist,Beginner
STD_0735,BCA / MCA Computer Applications,0.9,2,0,Data Visualization;Pandas;SQL;Communication;Power BI;Git;Probability,7,Data Analyst,Developing
STD_0718,M.Tech Data Science & AI,1.2,1,2,Pandas;Excel;Tableau;Data Cleaning;NumPy;Git;Scikit-learn,7,Data Analyst,Developing
STD_1336,B.E. Electronics and Communication,1.5,2,2,Machine Learning;Linux;Docker;Problem Solving;AWS;PyTorch;Virtualization;Azure;Networking;Security Tools;CI/CD,11,Cloud Engineer,Intermediate
STD_0455,B.E. Computer Science and Engineering,0.4,0,0,NLP;SQL;Communication;Data Cleaning;Scikit-learn,5,Data Scientist,Beginner
STD_0265,B.E. Computer Science and Engineering,2.1,4,1,Scikit-learn;Pandas;Problem Solving;Data Cleaning;Machine Learning;Data Visualization;Statistics;Excel,8,Data Scientist,Intermediate
STD_0076,M.Tech Data Science & AI,1.8,3,3,Git;Deep Learning;NLP;Pandas;Python;SQL;NumPy;TensorFlow;Scikit-learn;Machine Learning;PyTorch;Docker;Computer Vision;Cloud Fundamentals,14,AI/ML Engineer,Job Ready
STD_0915,B.Tech Artificial Intelligence and Data Science,0.2,1,0,C++;Git;Java;Problem Solving,4,Software Developer,Beginner
STD_0233,BCA / MCA Computer Applications,2.1,4,3,NLP;TensorFlow;MLOps;Deep Learning;NumPy;Problem Solving;Computer Vision;Docker;Pandas;Git;SQL;Model Deployment;Machine Learning;PyTorch,14,AI/ML Engineer,Job Ready
STD_0445,B.E. Electronics and Communication,0.3,2,2,Data Visualization;Problem Solving;Scikit-learn;SQL;Python;Data Cleaning;NLP;Deep Learning;Probability,9,Data Scientist,Developing
STD_0396,B.Tech Artificial Intelligence and Data Science,0.3,2,2,Problem Solving;Python;NumPy;Deep Learning;SQL;Git;Data Visualization;Machine Learning,8,Data Scientist,Developing
STD_0612,B.Tech Artificial Intelligence and Data Science,2.0,2,3,SQL;Problem Solving;Statistics;Data Cleaning;Python;Power BI;Pandas;Machine Learning;Git,9,Data Analyst,Intermediate
STD_0177,B.E. Electronics and Communication,1.0,3,3,TensorFlow;Statistics;Git;PyTorch;Machine Learning;NLP;Python,7,AI/ML Engineer,Intermediate
STD_0019,B.E. Electronics and Communication,1.6,6,2,Statistics;NLP;Scikit-learn;Computer Vision;PyTorch;Git;Model Deployment;Pandas;Python;Cloud Fundamentals;Problem Solving;TensorFlow;Deep Learning,13,AI/ML Engineer,Job Ready
STD_1311,M.Tech Data Science & AI,2.2,3,1,Docker;Azure;Networking;Python;Cloud Fundamentals;Virtualization;Git,7,Cloud Engineer,Intermediate
STD_1222,B.Tech Artificial Intelligence and Data Science,1.7,2,2,SIEM;Cybersecurity Fundamentals;Python;Linux;Ethical Hacking;Security Tools;Communication;Cryptography;Vulnerability Assessment;Git;Threat Detection,11,Cybersecurity Analyst,Intermediate
STD_0342,BCA / MCA Computer Applications,1.6,4,2,Data Visualization;Problem Solving;Deep Learning;Probability;Cloud Fundamentals;Scikit-learn;Pandas;Excel;Statistics;Git;SQL,11,Data Scientist,Intermediate
STD_1348,BCA / MCA Computer Applications,1.0,1,0,AWS;Azure;Security Tools;CI/CD;Docker;Kubernetes;Python;Cloud Fundamentals,8,Cloud Engineer,Developing
STD_0880,M.Tech Data Science & AI,0.2,0,0,Java;Data Structures,2,Software Developer,Beginner
STD_0596,B.Tech Artificial Intelligence and Data Science,1.0,1,2,Probability;Linux;Data Visualization;Cryptography;Git;SQL;Statistics;Excel;Python,9,Data Analyst,Developing
STD_0062,B.Tech Artificial Intelligence and Data Science,0.8,2,2,Pandas;Python;MLOps;NumPy;Algorithms;Deep Learning;Problem Solving;JavaScript,8,AI/ML Engineer,Developing
STD_1261,B.E. Electronics and Communication,0.5,1,0,AWS;Linux;GCP;Python;Cloud Fundamentals;Problem Solving;Pandas,7,Cloud Engineer,Developing
STD_0273,B.Tech Artificial Intelligence and Data Science,1.6,3,1,Probability;Feature Engineering;Scikit-learn;Excel;NLP;Data Cleaning;Python;NumPy;Statistics,9,Data Scientist,Intermediate
STD_1209,B.E. Computer Science and Engineering,0.9,3,3,Threat Detection;Data Visualization;Ethical Hacking;NumPy;Python;Networking;Security Tools;Vulnerability Assessment;Cybersecurity Fundamentals;Cryptography;Git;Problem Solving,12,Cybersecurity Analyst,Intermediate
STD_0873,B.E. Computer Science and Engineering,0.0,0,1,Algorithms;Security Tools;Communication;SQL,4,Software Developer,Beginner
STD_1121,B.Tech Artificial Intelligence and Data Science,2.0,3,3,Git;Linux;Threat Detection;Networking;Problem Solving;Python;Communication;Ethical Hacking;Security Tools;Cryptography,10,Cybersecurity Analyst,Intermediate
STD_1407,B.Tech Artificial Intelligence and Data Science,0.5,2,1,Docker;Security Tools;Networking;NumPy;GCP;Kubernetes,6,Cloud Engineer,Developing
STD_0279,B.Tech Artificial Intelligence and Data Science,3.3,4,4,SQL;Statistics;Scikit-learn;Communication;Data Visualization;NumPy;Probability;Machine Learning;Python;Problem Solving;Pandas;Git;Feature Engineering,13,Data Scientist,Job Ready
STD_0037,B.E. Electronics and Communication,0.1,1,0,NLP;Virtualization;PyTorch;Docker;Kubernetes,5,AI/ML Engineer,Beginner
STD_0663,B.Tech Artificial Intelligence and Data Science,1.5,3,3,SQL;Communication;Git;Problem Solving;Excel;Probability;Tableau;Power BI;Pandas;Data Cleaning;Statistics;Python,12,Data Analyst,Job Ready
STD_1352,B.Tech Information Technology,1.2,2,2,Security Tools;Kubernetes;AWS;Networking;Linux;Virtualization,6,Cloud Engineer,Developing
STD_1090,B.Tech Artificial Intelligence and Data Science,0.1,1,1,Communication;Machine Learning;Vulnerability Assessment;Cryptography;Networking;Ethical Hacking,6,Cybersecurity Analyst,Beginner
STD_0978,B.E. Computer Science and Engineering,1.0,1,2,Agile;C++;Docker;OOP;SQL;Linux;Algorithms;Java,8,Software Developer,Developing
STD_0739,M.Tech Data Science & AI,3.4,3,4,Python;Power BI;Data Visualization;Communication;Pandas;Problem Solving;Tableau;SQL;Data Cleaning;Excel;Probability;Git;Statistics,13,Data Analyst,Job Ready
STD_0192,M.Tech Data Science & AI,0.4,1,1,MLOps;Docker;Python;Deep Learning;TensorFlow,5,AI/ML Engineer,Beginner
STD_0920,BCA / MCA Computer Applications,0.9,1,0,Algorithms;JavaScript;C++;CI/CD;Communication,5,Software Developer,Developing
STD_0457,B.Tech Artificial Intelligence and Data Science,0.3,0,0,Probability,1,Data Scientist,Beginner
STD_0676,B.Tech Information Technology,0.5,2,2,Statistics;Probability;Python;Tableau;SQL;Communication;Data Cleaning,7,Data Analyst,Developing
STD_0761,B.E. Electronics and Communication,3.6,4,2,SQL;Linux;Git;Data Structures;C++;Java;REST API;Communication;OOP;Agile;Algorithms;Docker,12,Software Developer,Job Ready
STD_1353,B.Tech Artificial Intelligence and Data Science,0.4,1,1,Networking;Cloud Fundamentals;AWS;Azure;Cryptography;Problem Solving,6,Cloud Engineer,Developing
STD_0729,B.E. Computer Science and Engineering,1.8,3,2,Python;Git;Power BI;Tableau;Problem Solving;Pandas;Excel;Data Cleaning;Probability;Statistics;SQL;Communication,12,Data Analyst,Job Ready
STD_0413,M.Tech Data Science & AI,0.3,0,1,Python;Problem Solving;SQL;Feature Engineering,4,Data Scientist,Beginner
STD_0826,M.Tech Data Science & AI,1.7,2,2,Docker;Communication;JavaScript;CI/CD;C++;Algorithms;SQL;OOP;Linux;Python,10,Software Developer,Intermediate
STD_0617,B.E. Electronics and Communication,0.1,1,1,Problem Solving;Communication;Statistics,3,Data Analyst,Beginner
STD_0115,B.Tech Information Technology,1.9,4,1,Cloud Fundamentals;NLP;TensorFlow;Deep Learning;Python;Pandas;MLOps;Problem Solving;Machine Learning,9,AI/ML Engineer,Intermediate
STD_0418,B.E. Computer Science and Engineering,0.2,0,0,SQL;Communication;Feature Engineering;Data Visualization,4,Data Scientist,Beginner
STD_1429,B.Tech Artificial Intelligence and Data Science,1.0,2,1,Problem Solving;GCP;AWS;Networking;Kubernetes;Cloud Fundamentals;Python,7,Cloud Engineer,Developing
STD_0970,B.E. Computer Science and Engineering,1.0,2,2,Problem Solving;JavaScript;REST API;Data Structures;Algorithms;C++;SQL;Git;Linux,9,Software Developer,Intermediate
STD_0605,B.E. Electronics and Communication,0.2,1,1,Communication;Git;Scikit-learn;Data Visualization;Probability;Python;Data Cleaning,7,Data Analyst,Beginner
STD_1435,B.Tech Artificial Intelligence and Data Science,0.6,1,0,Data Cleaning;Git;Security Tools;Statistics;Cloud Fundamentals;Kubernetes;Networking,7,Cloud Engineer,Developing
STD_0090,B.E. Computer Science and Engineering,0.1,1,1,PyTorch;NLP;Docker;Computer Vision;Model Deployment,5,AI/ML Engineer,Beginner
STD_0849,BCA / MCA Computer Applications,0.4,2,2,Data Visualization;Data Structures;Statistics;Algorithms;Python;OOP,6,Software Developer,Developing
STD_1146,B.Tech Artificial Intelligence and Data Science,1.7,2,2,Security Tools;Threat Detection;Linux;Python;Communication;Probability;Networking;Git;Vulnerability Assessment,9,Cybersecurity Analyst,Intermediate
STD_1434,BCA / MCA Computer Applications,1.1,4,2,Networking;Cloud Fundamentals;Linux;Git;Kubernetes;AWS;Docker;Security Tools;Virtualization,9,Cloud Engineer,Intermediate
STD_0754,B.E. Computer Science and Engineering,0.8,1,1,Data Structures;Linux;Algorithms;CI/CD;REST API;Communication,6,Software Developer,Developing
STD_0499,B.E. Computer Science and Engineering,2.1,3,2,Scikit-learn;Statistics;Excel;Probability;SQL;Data Cleaning;Python;NumPy,8,Data Scientist,Intermediate
STD_0012,B.Tech Artificial Intelligence and Data Science,0.6,1,0,MLOps;NLP;Python;Threat Detection;NumPy;Cybersecurity Fundamentals,6,AI/ML Engineer,Developing
STD_0397,B.Tech Artificial Intelligence and Data Science,3.0,6,4,Data Visualization;Probability;NLP;NumPy;Python;SQL;Deep Learning;Machine Learning;Pandas;Scikit-learn;Statistics;Feature Engineering,12,Data Scientist,Job Ready
STD_0285,B.Tech Artificial Intelligence and Data Science,2.3,5,4,Excel;Git;JavaScript;Probability;NLP;OOP;Pandas;Problem Solving;Scikit-learn;SQL;Data Visualization;Feature Engineering;Data Cleaning;Deep Learning;Communication;Statistics;Machine Learning;NumPy;Python,19,Data Scientist,Job Ready
STD_0691,B.E. Electronics and Communication,1.7,4,3,Python;Problem Solving;Data Cleaning;Pandas;SQL;Statistics;Machine Learning;Communication;Power BI,9,Data Analyst,Intermediate
STD_1231,B.E. Electronics and Communication,2.6,5,3,Problem Solving;Threat Detection;Networking;Python;Linux;Communication;Cloud Fundamentals;Security Tools;Vulnerability Assessment;Ethical Hacking;Cybersecurity Fundamentals,11,Cybersecurity Analyst,Job Ready
STD_1404,B.Tech Artificial Intelligence and Data Science,0.4,1,1,Linux;Git;Problem Solving,3,Cloud Engineer,Beginner
STD_0690,B.Tech Information Technology,3.6,6,2,Statistics;Probability;Tableau;Data Cleaning;Communication;Excel;Pandas;Python;Data Visualization;Power BI;SQL,11,Data Analyst,Job Ready
STD_0852,B.Tech Information Technology,1.8,4,1,Python;SQL;Algorithms;JavaScript;OOP;Linux;Data Structures;CI/CD,8,Software Developer,Intermediate
STD_0160,B.Tech Artificial Intelligence and Data Science,3.8,6,2,Scikit-learn;Cloud Fundamentals;NumPy;Python;Pandas;Git;Computer Vision;Model Deployment;Deep Learning;SQL;MLOps;Statistics;PyTorch;NLP;TensorFlow,15,AI/ML Engineer,Job Ready
STD_0896,B.E. Computer Science and Engineering,3.6,5,4,NumPy;Computer Vision;Git;Docker;Data Structures;CI/CD;Problem Solving;JavaScript;REST API;SQL;OOP;Java;Communication;Linux;Algorithms;C++,16,Software Developer,Job Ready
STD_1190,M.Tech Data Science & AI,0.8,4,2,Cybersecurity Fundamentals;Linux;Vulnerability Assessment;Problem Solving;Python;SIEM;Cryptography;Ethical Hacking,8,Cybersecurity Analyst,Intermediate
STD_0258,B.Tech Artificial Intelligence and Data Science,0.4,1,0,Data Visualization;Statistics;Machine Learning;Data Cleaning,4,Data Scientist,Beginner
STD_0336,B.Tech Artificial Intelligence and Data Science,1.0,2,2,NumPy;Deep Learning;Statistics;Feature Engineering;Pandas;Data Cleaning;Python;Linux;Machine Learning;Cybersecurity Fundamentals;SQL,11,Data Scientist,Intermediate
STD_1408,B.E. Electronics and Communication,2.1,6,3,Docker;Python;Virtualization;Cloud Fundamentals;Networking;Kubernetes;Linux;CI/CD;Git;Security Tools;Azure;GCP,12,Cloud Engineer,Job Ready
STD_1040,BCA / MCA Computer Applications,1.0,2,3,Ethical Hacking;Git;Python;Linux;Cybersecurity Fundamentals;Cryptography;Problem Solving;SIEM;Communication;Threat Detection,10,Cybersecurity Analyst,Intermediate
STD_0516,B.Tech Information Technology,0.2,1,1,Linux;Python;Pandas;Git,4,Data Analyst,Beginner
STD_1016,M.Tech Data Science & AI,0.5,1,1,Linux;SIEM;Ethical Hacking;Python,4,Cybersecurity Analyst,Beginner
STD_0769,B.Tech Artificial Intelligence and Data Science,1.1,1,0,Agile;Data Structures;Algorithms;Java;C++;JavaScript,6,Software Developer,Developing
STD_1317,B.Tech Information Technology,1.0,1,1,Virtualization;Networking;Pandas;Azure;AWS;Problem Solving,6,Cloud Engineer,Developing
STD_0762,M.Tech Data Science & AI,0.0,0,1,Java;C++;JavaScript,3,Software Developer,Beginner
STD_1103,B.E. Electronics and Communication,0.9,1,1,Linux;Git;Problem Solving;Python;Cybersecurity Fundamentals;Vulnerability Assessment;Ethical Hacking,7,Cybersecurity Analyst,Developing
STD_0522,B.Tech Artificial Intelligence and Data Science,0.2,1,1,Power BI;Probability;SQL;Pandas;Communication,5,Data Analyst,Beginner
STD_0023,B.Tech Information Technology,0.4,2,1,Docker;Git;NumPy;Data Visualization;Pandas;TensorFlow;Computer Vision;NLP,8,AI/ML Engineer,Developing
STD_0357,B.E. Computer Science and Engineering,1.0,1,1,Data Visualization;Machine Learning;Probability;Statistics;NLP;SQL;Python,7,Data Scientist,Developing
STD_1272,BCA / MCA Computer Applications,1.8,3,2,Git;Problem Solving;Linux;Python;Azure;CI/CD;AWS;Virtualization;Security Tools;Docker;Kubernetes;Networking,12,Cloud Engineer,Intermediate
STD_0341,B.E. Computer Science and Engineering,0.0,0,1,NumPy;Data Visualization;Git,3,Data Scientist,Beginner
STD_0432,BCA / MCA Computer Applications,1.1,3,3,Data Visualization;Machine Learning;Feature Engineering;Scikit-learn;NumPy;Git;SQL;Pandas,8,Data Scientist,Intermediate
STD_0474,M.Tech Data Science & AI,2.2,4,1,Problem Solving;Communication;SQL;Deep Learning;Data Visualization;Feature Engineering;Scikit-learn;Probability;Python,9,Data Scientist,Intermediate
STD_0218,BCA / MCA Computer Applications,0.5,1,0,NLP;MLOps;Pandas;PyTorch;Linux;Git;Computer Vision;Python;TensorFlow,9,AI/ML Engineer,Developing
STD_0912,M.Tech Data Science & AI,2.2,3,2,REST API;OOP;SQL;Agile;CI/CD;Problem Solving;Data Structures;C++,8,Software Developer,Intermediate
STD_1205,B.E. Computer Science and Engineering,1.5,4,1,Networking;Linux;Deep Learning;Python;Security Tools;Vulnerability Assessment;Problem Solving;Threat Detection;Cryptography;Machine Learning;Communication;Git;SIEM,13,Cybersecurity Analyst,Intermediate
STD_1012,M.Tech Data Science & AI,1.9,2,1,Python;Linux;Problem Solving;Networking;Security Tools;Cryptography;Cybersecurity Fundamentals;Threat Detection;Vulnerability Assessment;SIEM;Ethical Hacking,11,Cybersecurity Analyst,Intermediate
STD_1459,B.E. Electronics and Communication,1.2,1,1,CI/CD;Networking;Virtualization;Kubernetes;Cloud Fundamentals;Python,6,Cloud Engineer,Developing
STD_0094,B.E. Electronics and Communication,1.7,3,3,Cloud Fundamentals;Model Deployment;Problem Solving;Machine Learning;MLOps;NLP;Python;Deep Learning;Computer Vision;NumPy;TensorFlow;Statistics,12,AI/ML Engineer,Intermediate
STD_1009,B.E. Computer Science and Engineering,0.2,1,1,Cybersecurity Fundamentals;Ethical Hacking;Probability;Python;Problem Solving;Statistics,6,Cybersecurity Analyst,Beginner
STD_1071,BCA / MCA Computer Applications,0.3,1,0,Networking;Communication;NumPy;Python;SIEM;Git;SQL;Cryptography,8,Cybersecurity Analyst,Developing
STD_0697,M.Tech Data Science & AI,2.1,3,1,Excel;Data Visualization;Git;Power BI;Problem Solving;Probability;Statistics;Data Cleaning,8,Data Analyst,Intermediate
STD_0997,B.E. Electronics and Communication,0.3,2,1,Git;Linux;JavaScript;Data Structures;C++;REST API;Python,7,Software Developer,Developing
STD_0154,B.Tech Information Technology,0.4,0,0,Scikit-learn,1,AI/ML Engineer,Beginner
STD_1300,B.Tech Artificial Intelligence and Data Science,1.1,1,0,Virtualization;AWS;Cloud Fundamentals;Git;Python;Linux,6,Cloud Engineer,Developing
STD_1498,B.E. Electronics and Communication,1.2,4,2,Cryptography;CI/CD;AWS;Linux;Virtualization;Cloud Fundamentals;Azure;Kubernetes,8,Cloud Engineer,Intermediate
STD_0790,B.Tech Artificial Intelligence and Data Science,0.4,1,0,Data Structures;REST API,2,Software Developer,Beginner
STD_0581,B.Tech Information Technology,0.3,0,0,Communication;Data Cleaning;Tableau,3,Data Analyst,Beginner
STD_0704,M.Tech Data Science & AI,3.6,5,3,Data Visualization;Probability;Statistics;Power BI;Excel;Problem Solving;Data Cleaning;Tableau;Git;Communication;SQL;Pandas,12,Data Analyst,Job Ready
STD_1259,B.Tech Information Technology,0.4,1,1,Linux;SQL;Pandas,3,Cloud Engineer,Beginner
STD_0488,B.E. Computer Science and Engineering,2.0,2,2,Data Visualization;Data Cleaning;NumPy;Probability;Pandas;Python;Git;Cloud Fundamentals,8,Data Scientist,Intermediate
STD_0560,B.E. Electronics and Communication,1.4,4,1,Pandas;Data Cleaning;Probability;Security Tools;Problem Solving;Statistics;Python;Excel;SQL;Git;Communication;Tableau,12,Data Analyst,Intermediate
STD_0802,B.E. Computer Science and Engineering,0.5,1,1,SQL;Git;Linux,3,Software Developer,Beginner
STD_0513,B.Tech Information Technology,1.8,3,1,Statistics;Excel;Data Visualization;Data Cleaning;Tableau;Pandas;SQL;Probability;Git;Python,10,Data Analyst,Intermediate
STD_0634,M.Tech Data Science & AI,3.4,3,2,Python;Tableau;SQL;Data Visualization;Probability;Data Cleaning;Git;Excel;Statistics;Power BI,10,Data Analyst,Job Ready
STD_1111,B.Tech Information Technology,0.1,1,0,Vulnerability Assessment;Probability;Threat Detection,3,Cybersecurity Analyst,Beginner
STD_1472,B.Tech Artificial Intelligence and Data Science,0.1,1,0,AWS;Python,2,Cloud Engineer,Beginner
STD_0791,B.Tech Artificial Intelligence and Data Science,0.1,0,1,Java;Communication;REST API,3,Software Developer,Beginner
STD_0117,B.Tech Information Technology,0.1,0,1,TensorFlow;Pandas,2,AI/ML Engineer,Beginner
STD_0741,BCA / MCA Computer Applications,0.8,2,1,Python;Power BI;Data Visualization;Excel;Problem Solving;SQL;Statistics;Tableau;Data Cleaning,9,Data Analyst,Intermediate
STD_1082,BCA / MCA Computer Applications,1.5,4,3,Linux;Cryptography;Communication;Problem Solving;Cybersecurity Fundamentals;Threat Detection;Git;Networking;Ethical Hacking;Vulnerability Assessment;Python,11,Cybersecurity Analyst,Intermediate
STD_0831,B.E. Computer Science and Engineering,0.1,1,0,Python;SQL,2,Software Developer,Beginner
STD_0120,BCA / MCA Computer Applications,0.9,1,1,Pandas;SQL;Python;PyTorch;Machine Learning,5,AI/ML Engineer,Developing
STD_0657,B.E. Electronics and Communication,0.4,1,1,Statistics;Networking;Virtualization,3,Data Analyst,Beginner
STD_0636,M.Tech Data Science & AI,1.8,3,3,NumPy;Problem Solving;SQL;Pandas;Power BI;Statistics;Python;Excel;Git;Tableau,10,Data Analyst,Intermediate
STD_0370,B.Tech Artificial Intelligence and Data Science,0.1,1,0,Data Visualization;Python;Problem Solving,3,Data Scientist,Beginner
STD_0269,M.Tech Data Science & AI,1.6,3,2,Machine Learning;Feature Engineering;Python;NumPy;Data Visualization;Statistics;Problem Solving;Probability,8,Data Scientist,Intermediate
STD_0656,B.E. Computer Science and Engineering,0.8,1,0,Git;Communication;NumPy;Python;Excel;Tableau;Data Cleaning;SQL,8,Data Analyst,Developing
STD_0936,B.E. Computer Science and Engineering,2.0,3,3,Docker;Python;Agile;Pandas;Algorithms;CI/CD;Data Structures;JavaScript;Linux;Java;REST API;Problem Solving;Communication;C++;OOP,15,Software Developer,Job Ready
STD_0823,B.E. Electronics and Communication,0.6,1,1,Algorithms;Java;Agile;Docker;Communication;Scikit-learn;REST API;C++;JavaScript,9,Software Developer,Developing
STD_0867,M.Tech Data Science & AI,1.7,3,1,Data Structures;OOP;Java;Python;Git;CI/CD;Algorithms;C++,8,Software Developer,Intermediate
STD_0047,B.E. Computer Science and Engineering,0.6,2,2,Virtualization;MLOps;TensorFlow;Problem Solving;Deep Learning;Cloud Fundamentals;NumPy,7,AI/ML Engineer,Developing
STD_1291,B.E. Electronics and Communication,1.2,3,3,Kubernetes;Security Tools;Python;Networking;Linux;CI/CD;Docker;Virtualization,8,Cloud Engineer,Intermediate
STD_0992,M.Tech Data Science & AI,1.6,3,3,Algorithms;CI/CD;SQL;Python;REST API;Docker;C++;Data Structures,8,Software Developer,Intermediate
STD_0877,B.Tech Information Technology,2.1,4,2,Agile;REST API;OOP;Java;Algorithms;C++;JavaScript;CI/CD,8,Software Developer,Intermediate
STD_0774,B.Tech Artificial Intelligence and Data Science,0.3,0,1,PyTorch;REST API;Deep Learning,3,Software Developer,Beginner
STD_1500,B.E. Electronics and Communication,1.9,4,4,Networking;AWS;Git;Python;Kubernetes;Docker;Azure;Problem Solving;Linux;GCP;Cloud Fundamentals;Security Tools;CI/CD;Virtualization,14,Cloud Engineer,Job Ready
STD_0005,B.E. Computer Science and Engineering,0.6,1,0,Problem Solving;MLOps;Scikit-learn;Computer Vision;Deep Learning,5,AI/ML Engineer,Developing
STD_1004,BCA / MCA Computer Applications,1.0,2,2,Cryptography;Problem Solving;SIEM;Networking;Security Tools;Ethical Hacking;Communication;Threat Detection;Linux,9,Cybersecurity Analyst,Intermediate
STD_1302,M.Tech Data Science & AI,0.3,2,2,Docker;Problem Solving;AWS;CI/CD;Linux;Data Structures,6,Cloud Engineer,Developing
STD_0264,B.Tech Information Technology,1.9,4,1,Problem Solving;Excel;NumPy;Probability;Feature Engineering;Data Cleaning;Communication;Pandas;SQL;Machine Learning;Data Visualization,11,Data Scientist,Intermediate
STD_1334,B.E. Electronics and Communication,0.7,2,1,Security Tools;Virtualization;Cybersecurity Fundamentals;Linux;Kubernetes;Azure,6,Cloud Engineer,Developing
STD_1443,B.E. Electronics and Communication,2.5,4,2,Problem Solving;Git;Azure;Networking;AWS;Linux;Pandas;Docker;Cloud Fundamentals;Virtualization;Kubernetes,11,Cloud Engineer,Job Ready
STD_0444,B.E. Computer Science and Engineering,2.0,3,2,Python;Pandas;Data Cleaning;Feature Engineering;Data Visualization;Problem Solving;NumPy;Git;Virtualization;NLP;Scikit-learn;Linux;Probability;SQL;Deep Learning;Machine Learning;Statistics,17,Data Scientist,Job Ready
STD_1003,B.E. Electronics and Communication,0.3,1,0,Cryptography;Python,2,Cybersecurity Analyst,Beginner
STD_1078,M.Tech Data Science & AI,3.7,3,3,Linux;Git;Threat Detection;Ethical Hacking;Cybersecurity Fundamentals;Problem Solving;Cryptography;Python;Security Tools;Communication;Networking;Vulnerability Assessment,12,Cybersecurity Analyst,Job Ready
STD_0838,B.E. Electronics and Communication,1.2,1,1,Problem Solving;Data Structures;JavaScript;Python;Communication;Data Visualization;C++;OOP;REST API,9,Software Developer,Developing
STD_1340,B.E. Computer Science and Engineering,1.1,3,1,Azure;Networking;Python;GCP;Security Tools;Kubernetes;Git;Virtualization;Docker;Linux;Cloud Fundamentals,11,Cloud Engineer,Intermediate
STD_0305,B.Tech Artificial Intelligence and Data Science,0.3,1,1,Pandas;Feature Engineering;Probability;Git;Python;Scikit-learn;Problem Solving,7,Data Scientist,Developing
STD_1175,BCA / MCA Computer Applications,1.2,1,1,SIEM;Threat Detection;Linux;Python;Cybersecurity Fundamentals,5,Cybersecurity Analyst,Developing
STD_0314,B.E. Computer Science and Engineering,0.5,0,1,Data Cleaning;AWS;Data Visualization;Networking;Deep Learning;SQL;Probability,7,Data Scientist,Beginner
STD_0150,B.E. Computer Science and Engineering,1.0,2,1,NLP;Cloud Fundamentals;Docker;TensorFlow;Python;Model Deployment;OOP;Java;Pandas;Git;Machine Learning;MLOps;Computer Vision;NumPy,14,AI/ML Engineer,Intermediate
STD_0575,B.E. Computer Science and Engineering,0.1,1,1,Pandas;Excel;Problem Solving;Statistics,4,Data Analyst,Beginner
STD_0051,B.Tech Artificial Intelligence and Data Science,0.2,1,0,SQL;NLP;Pandas;Git;REST API;Machine Learning;Statistics,7,AI/ML Engineer,Developing
STD_1415,M.Tech Data Science & AI,1.7,4,2,Git;Networking;Cloud Fundamentals;AWS;Problem Solving;Virtualization;Kubernetes;Linux;GCP;CI/CD;Python,11,Cloud Engineer,Intermediate
STD_0727,B.Tech Artificial Intelligence and Data Science,0.6,1,2,Excel;Power BI;Problem Solving;Pandas;Data Visualization;Machine Learning,6,Data Analyst,Developing
STD_0834,B.E. Electronics and Communication,0.6,1,0,C++;OOP;Python;JavaScript;Data Structures;Problem Solving;Java,7,Software Developer,Developing
STD_1116,B.E. Computer Science and Engineering,0.7,1,0,Java;Python;Problem Solving;Threat Detection;Security Tools;Cybersecurity Fundamentals;Cryptography,7,Cybersecurity Analyst,Developing
STD_0471,B.E. Computer Science and Engineering,0.1,0,0,Statistics;Git;Communication,3,Data Scientist,Beginner
STD_0972,BCA / MCA Computer Applications,3.0,5,4,Linux;REST API;Git;Algorithms;JavaScript;Java;SQL;Problem Solving;Data Structures;Docker;OOP,11,Software Developer,Job Ready
STD_0654,BCA / MCA Computer Applications,1.9,3,3,Statistics;SQL;Data Visualization;Power BI;Excel;Tableau;Communication;Data Cleaning;Git;Python;Pandas,11,Data Analyst,Job Ready
STD_0400,M.Tech Data Science & AI,1.8,3,4,Scikit-learn;Excel;SQL;NumPy;Communication;Probability;Machine Learning;Pandas;Data Visualization;Statistics;NLP;Data Cleaning,12,Data Scientist,Job Ready
STD_0512,B.E. Computer Science and Engineering,0.6,2,2,Data Visualization;Power BI;Python;Probability;Tableau;Pandas;Problem Solving,7,Data Analyst,Developing
STD_0321,B.E. Computer Science and Engineering,1.0,2,2,Deep Learning;Python;SQL;Machine Learning;Statistics,5,Data Scientist,Developing
STD_0020,B.E. Electronics and Communication,1.2,3,3,Deep Learning;PyTorch;SQL;Scikit-learn;Problem Solving;Computer Vision;MLOps;Cloud Fundamentals;TensorFlow,9,AI/ML Engineer,Intermediate
STD_0685,B.Tech Artificial Intelligence and Data Science,1.9,3,1,Data Visualization;Tableau;Excel;Data Cleaning;SQL;Statistics;Git;Problem Solving;Power BI,9,Data Analyst,Intermediate
STD_0036,BCA / MCA Computer Applications,0.7,2,1,Docker;NumPy;PyTorch;Deep Learning;Pandas,5,AI/ML Engineer,Developing
STD_0903,B.E. Electronics and Communication,1.0,1,0,Linux;SQL;OOP;Git;Agile,5,Software Developer,Developing
STD_0828,BCA / MCA Computer Applications,1.9,4,3,Agile;Linux;Communication;CI/CD;SQL;Java;JavaScript;OOP;Data Structures;Docker;REST API;Cryptography,12,Software Developer,Intermediate
STD_1345,B.E. Computer Science and Engineering,0.6,2,2,Security Tools;GCP;CI/CD;AWS;Linux;Cloud Fundamentals;Docker;Virtualization,8,Cloud Engineer,Developing
STD_0408,BCA / MCA Computer Applications,1.4,2,2,Feature Engineering;Python;Communication;Probability;Machine Learning;Statistics;NLP;Pandas;Data Visualization;Scikit-learn,10,Data Scientist,Intermediate
STD_0921,M.Tech Data Science & AI,0.1,0,0,Java;JavaScript;Git,3,Software Developer,Beginner
STD_0538,B.Tech Artificial Intelligence and Data Science,1.0,1,0,SQL;Python;Excel;Problem Solving;Pandas;Data Cleaning,6,Data Analyst,Developing
STD_0759,B.Tech Artificial Intelligence and Data Science,1.5,2,1,Docker;C++;Linux;Python;Algorithms;Communication;REST API;SQL;JavaScript;Problem Solving,10,Software Developer,Intermediate
STD_1063,B.Tech Information Technology,0.2,2,2,Probability;Vulnerability Assessment;Networking;Python;SIEM;Cybersecurity Fundamentals;Ethical Hacking;Threat Detection,8,Cybersecurity Analyst,Developing
STD_0246,B.E. Electronics and Communication,1.1,2,2,Scikit-learn;Git;Problem Solving;Model Deployment;Python;Algorithms;NLP;MLOps;Deep Learning;Machine Learning;SQL,11,AI/ML Engineer,Intermediate
STD_1128,B.E. Computer Science and Engineering,2.9,5,3,Cybersecurity Fundamentals;Cryptography;Problem Solving;Git;Data Visualization;Ethical Hacking;Linux;Threat Detection;Networking;Python;Vulnerability Assessment;Security Tools,12,Cybersecurity Analyst,Job Ready
STD_0785,M.Tech Data Science & AI,1.1,3,2,Agile;Git;REST API;Security Tools;SQL;Communication;Data Structures;Java,8,Software Developer,Intermediate
STD_0490,B.Tech Artificial Intelligence and Data Science,2.7,5,4,Git;Statistics;Pandas;Scikit-learn;Data Visualization;NLP;Python;Communication;Feature Engineering;Machine Learning;Data Cleaning;Probability;Deep Learning;SQL;NumPy,15,Data Scientist,Job Ready
STD_0155,B.Tech Information Technology,2.0,4,1,Git;Machine Learning;NumPy;Cloud Fundamentals;Python;PyTorch;Computer Vision;NLP;Pandas,9,AI/ML Engineer,Intermediate
STD_0962,B.E. Computer Science and Engineering,0.2,2,0,C++;Communication;Python;SQL;JavaScript;Docker;Algorithms;Pandas;Java,9,Software Developer,Developing
STD_0854,B.E. Computer Science and Engineering,1.5,4,3,Problem Solving;Algorithms;SQL;Vulnerability Assessment;Git;Communication;Docker;Python;OOP;Agile;Cybersecurity Fundamentals;REST API,12,Software Developer,Intermediate
STD_0626,B.Tech Information Technology,0.3,1,0,Communication;Probability;Statistics;Data Cleaning;Pandas;SQL;Data Visualization,7,Data Analyst,Developing
STD_0686,M.Tech Data Science & AI,1.0,1,1,Statistics;Probability;Excel;Pandas;Git;Power BI;Python;Communication,8,Data Analyst,Developing
STD_0570,B.E. Electronics and Communication,1.3,3,3,Data Visualization;Communication;Probability;Git;SQL;Data Cleaning;Statistics;Python;Pandas,9,Data Analyst,Intermediate
STD_1427,B.E. Electronics and Communication,1.6,3,4,Azure;Networking;Docker;Linux;Cloud Fundamentals;GCP;Kubernetes;Python;Problem Solving;Git;Virtualization;AWS,12,Cloud Engineer,Job Ready
STD_0018,M.Tech Data Science & AI,3.5,4,3,Probability;Deep Learning;Python;Statistics;Machine Learning;NLP;SQL;PyTorch;Problem Solving;MLOps;Git;Computer Vision;TensorFlow;Scikit-learn;Docker;Cloud Fundamentals;Pandas;NumPy;Model Deployment,19,AI/ML Engineer,Job Ready
STD_0128,BCA / MCA Computer Applications,0.0,0,1,NLP;Machine Learning,2,AI/ML Engineer,Beginner
STD_0928,B.E. Electronics and Communication,0.4,1,1,Docker;C++;Agile;Python,4,Software Developer,Beginner
STD_0981,B.Tech Artificial Intelligence and Data Science,0.5,2,2,Algorithms;Statistics;Power BI;Python;Java;JavaScript;SQL,7,Software Developer,Developing
STD_1470,B.Tech Information Technology,0.3,2,0,Azure;OOP;Docker;REST API;AWS;Networking,6,Cloud Engineer,Developing
STD_0191,B.E. Electronics and Communication,1.7,4,2,SQL;PyTorch;Machine Learning;TensorFlow;Python;MLOps;Pandas;NumPy;Deep Learning;Statistics;Docker,11,AI/ML Engineer,Intermediate
STD_1140,B.E. Electronics and Communication,1.1,2,0,Ethical Hacking;Networking;OOP;SIEM;SQL;Vulnerability Assessment;Python;Security Tools,8,Cybersecurity Analyst,Developing
STD_0993,B.E. Computer Science and Engineering,0.7,2,2,Docker;JavaScript;REST API;CI/CD;Java,5,Software Developer,Developing
STD_1464,B.E. Computer Science and Engineering,2.2,6,3,Docker;Cloud Fundamentals;Statistics;Linux;Azure;Security Tools;Git;AWS;Kubernetes;Python;Virtualization,11,Cloud Engineer,Job Ready
STD_1252,M.Tech Data Science & AI,1.0,2,0,Git;Problem Solving;Virtualization;Networking;Docker,5,Cloud Engineer,Developing
STD_0607,B.Tech Information Technology,0.3,2,0,Statistics;Python;Pandas;Git;Power BI;Excel,6,Data Analyst,Developing
STD_0181,BCA / MCA Computer Applications,0.2,0,1,Pandas;NLP;Python;MLOps;Vulnerability Assessment,5,AI/ML Engineer,Beginner
STD_0302,B.Tech Artificial Intelligence and Data Science,0.4,1,0,Pandas;Machine Learning;SQL;Scikit-learn;Communication;Problem Solving;Data Visualization,7,Data Scientist,Developing
STD_0497,M.Tech Data Science & AI,2.2,4,2,Data Visualization;Pandas;SQL;Python;Communication;Machine Learning;Deep Learning,7,Data Scientist,Intermediate
STD_1315,B.E. Electronics and Communication,1.9,2,3,Networking;GCP;Security Tools;Cloud Fundamentals;Virtualization;AWS;Docker;Kubernetes,8,Cloud Engineer,Intermediate
STD_1256,B.E. Electronics and Communication,0.0,0,0,Networking;Kubernetes;AWS;CI/CD;Git;Virtualization;Security Tools,7,Cloud Engineer,Beginner
STD_1238,B.E. Electronics and Communication,0.8,1,0,Vulnerability Assessment;Linux;SIEM;Git;Python;Networking;Problem Solving;Security Tools,8,Cybersecurity Analyst,Developing
STD_0518,M.Tech Data Science & AI,0.4,1,1,Data Cleaning;SQL;Scikit-learn,3,Data Analyst,Beginner
STD_1070,M.Tech Data Science & AI,3.7,5,4,Linux;AWS;Cryptography;Docker;Communication;Problem Solving;Python;Ethical Hacking;Security Tools;Git;Cybersecurity Fundamentals;Vulnerability Assessment;Networking;Threat Detection,14,Cybersecurity Analyst,Job Ready
STD_0477,B.Tech Information Technology,0.7,2,2,Data Cleaning;Machine Learning;Data Visualization;Deep Learning;Communication;Pandas;PyTorch,7,Data Scientist,Developing
STD_0158,B.E. Electronics and Communication,0.4,0,1,NumPy;Scikit-learn;SQL;Git,4,AI/ML Engineer,Beginner
STD_1196,B.E. Computer Science and Engineering,1.5,2,3,Vulnerability Assessment;Cybersecurity Fundamentals;Networking;Pandas;Cryptography;Git;Ethical Hacking;SQL;Security Tools;Python,10,Cybersecurity Analyst,Intermediate
STD_0017,B.E. Computer Science and Engineering,0.4,1,2,Model Deployment;TensorFlow;NumPy;SQL;Deep Learning,5,AI/ML Engineer,Developing
STD_1073,B.Tech Information Technology,1.4,2,1,Problem Solving;Linux;Python;Ethical Hacking;Vulnerability Assessment;Cryptography;Security Tools,7,Cybersecurity Analyst,Intermediate
STD_0547,B.Tech Information Technology,0.2,2,0,Tableau;Python;Data Cleaning;Pandas;Git;Statistics;Excel,7,Data Analyst,Developing
STD_0659,B.Tech Information Technology,1.1,3,1,SQL;Python;Data Visualization;Problem Solving;Probability;Excel;Communication;Statistics;Git;Pandas;Tableau;Data Cleaning,12,Data Analyst,Intermediate
STD_1227,B.Tech Information Technology,0.2,0,1,Threat Detection,1,Cybersecurity Analyst,Beginner
STD_1020,B.E. Computer Science and Engineering,2.1,5,2,Networking;Security Tools;Problem Solving;Vulnerability Assessment;Cybersecurity Fundamentals;Linux;Threat Detection;Communication;Cryptography;Ethical Hacking,10,Cybersecurity Analyst,Job Ready
STD_1319,B.Tech Information Technology,0.7,1,1,GCP;TensorFlow;Docker;Kubernetes;Cloud Fundamentals;Python;NLP,7,Cloud Engineer,Developing
STD_0960,B.E. Computer Science and Engineering,0.8,3,2,Algorithms;C++;CI/CD;Networking;Java;Git;JavaScript;Python;Data Structures;REST API,10,Software Developer,Intermediate
STD_1410,B.Tech Artificial Intelligence and Data Science,1.5,4,1,Security Tools;Python;JavaScript;Linux;Problem Solving;Azure;Virtualization;Git;CI/CD;Docker;Cloud Fundamentals,11,Cloud Engineer,Intermediate
STD_0284,B.E. Electronics and Communication,0.5,0,1,Git;Machine Learning;Deep Learning;Cryptography,4,Data Scientist,Beginner
STD_0798,B.Tech Artificial Intelligence and Data Science,0.6,2,2,SQL;Git;Communication;Java;NumPy;Data Structures;Agile;Python;Data Visualization;Algorithms,10,Software Developer,Developing
STD_0226,B.E. Computer Science and Engineering,0.9,2,2,Model Deployment;Docker;Deep Learning;Python;Virtualization;Computer Vision;Cloud Fundamentals;Problem Solving;NumPy;Statistics;PyTorch;NLP;TensorFlow,13,AI/ML Engineer,Intermediate
STD_0027,B.E. Computer Science and Engineering,2.9,4,2,PyTorch;SQL;Machine Learning;Problem Solving;Computer Vision;Pandas;Deep Learning;Python;NumPy;Scikit-learn;Docker,11,AI/ML Engineer,Job Ready
STD_0438,BCA / MCA Computer Applications,2.0,4,2,Probability;Pandas;Feature Engineering;Scikit-learn;Problem Solving;SQL;Python;NumPy;Excel;Data Visualization;Deep Learning;Machine Learning,12,Data Scientist,Job Ready
STD_1458,M.Tech Data Science & AI,0.5,1,1,Git;Security Tools;Docker;Data Visualization,4,Cloud Engineer,Beginner
STD_0230,BCA / MCA Computer Applications,1.3,4,3,PyTorch;Machine Learning;Python;Pandas;Computer Vision;Docker;MLOps,7,AI/ML Engineer,Intermediate
STD_0038,BCA / MCA Computer Applications,0.4,1,0,SQL;Model Deployment;Python;Scikit-learn;Pandas,5,AI/ML Engineer,Beginner
STD_0750,B.Tech Artificial Intelligence and Data Science,1.6,2,2,Python;Tableau;Excel;Problem Solving;Pandas;Statistics;SQL;Data Cleaning;Git;Probability;Communication;Scikit-learn,12,Data Analyst,Intermediate
STD_1046,B.Tech Information Technology,1.6,4,2,Python;Linux;Ethical Hacking;Communication;Problem Solving;Vulnerability Assessment;SIEM;Security Tools;Networking,9,Cybersecurity Analyst,Intermediate
STD_0470,B.E. Computer Science and Engineering,0.5,0,1,SQL;Deep Learning;Communication;Machine Learning;Docker;Linux,6,Data Scientist,Beginner
STD_1279,B.E. Computer Science and Engineering,1.2,2,3,Docker;GCP;Kubernetes;Problem Solving;AWS;Azure;Git;Python;Scikit-learn;Virtualization;Cloud Fundamentals;Linux;Security Tools,13,Cloud Engineer,Intermediate
STD_1473,B.Tech Artificial Intelligence and Data Science,1.5,2,2,Kubernetes;GCP;Python;Networking;Virtualization;AWS;Linux;Problem Solving;Git;Docker,10,Cloud Engineer,Intermediate
STD_0688,B.Tech Artificial Intelligence and Data Science,0.1,1,1,Power BI;Communication,2,Data Analyst,Beginner
STD_1379,B.Tech Artificial Intelligence and Data Science,1.5,2,3,Networking;Algorithms;Azure;Virtualization;JavaScript;Git;Docker;Python;CI/CD;Problem Solving;Kubernetes;AWS;Security Tools,13,Cloud Engineer,Intermediate
STD_0640,B.E. Electronics and Communication,0.4,2,1,Problem Solving;Statistics;Probability;Data Visualization;Power BI;Python,6,Data Analyst,Developing
STD_1417,B.E. Electronics and Communication,1.9,2,3,CI/CD;Cloud Fundamentals;AWS;GCP;Kubernetes;Python;Git;Virtualization;Security Tools;Linux;Problem Solving;Networking,12,Cloud Engineer,Intermediate
STD_1219,B.Tech Artificial Intelligence and Data Science,1.0,2,0,Networking;Cybersecurity Fundamentals;Computer Vision;Linux;Git;Python,6,Cybersecurity Analyst,Developing
STD_1159,BCA / MCA Computer Applications,0.4,1,1,Ethical Hacking;Threat Detection,2,Cybersecurity Analyst,Beginner
STD_1251,M.Tech Data Science & AI,3.4,6,3,Python;GCP;Linux;Git;Security Tools;Networking;Cloud Fundamentals;AWS;Kubernetes;Virtualization;Docker;Problem Solving,12,Cloud Engineer,Job Ready
STD_1440,B.Tech Information Technology,1.7,4,2,Security Tools;Cloud Fundamentals;Docker;Problem Solving;GCP;AWS;Linux;Networking;CI/CD;Kubernetes;Virtualization;Git;Python,13,Cloud Engineer,Job Ready
STD_0801,M.Tech Data Science & AI,3.3,3,3,PyTorch;Problem Solving;OOP;Docker;Java;Agile;Git;CI/CD;JavaScript;Data Structures;Communication;Algorithms;SQL,13,Software Developer,Job Ready
STD_0161,BCA / MCA Computer Applications,0.4,0,0,Algorithms;OOP;Python;Scikit-learn,4,AI/ML Engineer,Beginner
STD_0957,BCA / MCA Computer Applications,0.1,1,0,Agile;OOP;Statistics;NumPy,4,Software Developer,Beginner
STD_1187,BCA / MCA Computer Applications,0.4,0,0,Cybersecurity Fundamentals;Problem Solving,2,Cybersecurity Analyst,Beginner
STD_0822,M.Tech Data Science & AI,0.8,2,0,C++;Data Structures;OOP;Linux;Algorithms,5,Software Developer,Developing
STD_1271,B.E. Electronics and Communication,1.2,3,3,Virtualization;Git;Kubernetes;Azure;AWS;Networking;Linux;Security Tools;Docker;GCP;CI/CD,11,Cloud Engineer,Intermediate
STD_0878,B.Tech Artificial Intelligence and Data Science,1.8,3,2,Git;C++;OOP;Java;Agile;REST API;Linux,7,Software Developer,Intermediate
STD_0914,B.Tech Information Technology,1.6,2,2,Python;SQL;Java;Communication;Data Structures;Linux;Algorithms;OOP;Agile,9,Software Developer,Intermediate
STD_0153,B.Tech Information Technology,0.6,1,2,Scikit-learn;MLOps;SQL;NLP;Problem Solving;Python;Deep Learning,7,AI/ML Engineer,Developing
STD_1374,B.Tech Artificial Intelligence and Data Science,1.5,4,2,Data Visualization;Git;Networking;Docker;Problem Solving;Cloud Fundamentals;Python;Linux;Azure;AWS;GCP;Kubernetes,12,Cloud Engineer,Job Ready
STD_0510,B.Tech Artificial Intelligence and Data Science,2.1,2,1,Pandas;Probability;Data Visualization;SQL;Tableau;Scikit-learn;Excel;Python;Statistics;Git;Data Cleaning;Communication,12,Data Analyst,Intermediate
STD_1136,M.Tech Data Science & AI,2.8,3,3,Python;Linux;Communication;Security Tools;Ethical Hacking;SIEM;Networking;Cybersecurity Fundamentals;Git;Problem Solving;Vulnerability Assessment;Cryptography,12,Cybersecurity Analyst,Job Ready
STD_1322,B.E. Computer Science and Engineering,1.0,1,1,Azure;Linux;Kubernetes;Python,4,Cloud Engineer,Developing
STD_0104,B.Tech Artificial Intelligence and Data Science,0.7,1,0,SQL;NumPy;Statistics;Python;Cloud Fundamentals;NLP;Cryptography;Pandas;Machine Learning,9,AI/ML Engineer,Developing
STD_0587,B.Tech Information Technology,0.8,1,0,Data Visualization;Git;Python;Pandas;Problem Solving;Data Cleaning;Excel,7,Data Analyst,Developing
STD_1329,B.E. Electronics and Communication,2.1,4,2,Python;Virtualization;Kubernetes;Security Tools;Linux;Docker;GCP;Cloud Fundamentals;Git;AWS;Networking,11,Cloud Engineer,Job Ready
STD_1144,B.Tech Information Technology,0.2,1,0,Cryptography;SIEM;Vulnerability Assessment;Linux;Ethical Hacking,5,Cybersecurity Analyst,Beginner
STD_0054,B.Tech Artificial Intelligence and Data Science,0.6,1,1,Deep Learning;Pandas;TensorFlow;Model Deployment;Git;Machine Learning,6,AI/ML Engineer,Developing
STD_0152,B.Tech Artificial Intelligence and Data Science,0.1,1,0,Deep Learning,1,AI/ML Engineer,Beginner
STD_0404,M.Tech Data Science & AI,0.9,2,3,Probability;SQL;Feature Engineering;Scikit-learn;NumPy;Python;Communication;Machine Learning;Data Cleaning,9,Data Scientist,Intermediate
STD_1455,B.Tech Artificial Intelligence and Data Science,1.2,2,2,Kubernetes;Virtualization;Python;GCP,4,Cloud Engineer,Developing
STD_0208,B.E. Computer Science and Engineering,0.9,4,1,SQL;Pandas;Machine Learning;TensorFlow;NLP;Model Deployment;Scikit-learn;NumPy;Computer Vision,9,AI/ML Engineer,Intermediate
STD_1418,M.Tech Data Science & AI,0.1,1,0,Docker;Networking;GCP;NumPy;Data Visualization,5,Cloud Engineer,Beginner
STD_1123,M.Tech Data Science & AI,1.0,3,1,SIEM;Cybersecurity Fundamentals;Threat Detection;Python;Communication;REST API;Git;Problem Solving;Security Tools;Cryptography;Linux;Networking,12,Cybersecurity Analyst,Intermediate
STD_0009,B.Tech Artificial Intelligence and Data Science,1.2,4,2,TensorFlow;Scikit-learn;Pandas;Cloud Fundamentals;Data Cleaning;Computer Vision;Deep Learning;Problem Solving;NLP;PyTorch;MLOps,11,AI/ML Engineer,Intermediate
STD_1015,M.Tech Data Science & AI,1.2,2,2,Problem Solving;Ethical Hacking;Git;Cybersecurity Fundamentals;Cryptography;Threat Detection;Pandas;Networking;SIEM;Security Tools;Linux;Vulnerability Assessment,12,Cybersecurity Analyst,Intermediate
STD_1344,M.Tech Data Science & AI,0.9,2,2,Azure;GCP;Security Tools;Python;Networking;Docker,6,Cloud Engineer,Developing
STD_1061,B.Tech Artificial Intelligence and Data Science,1.5,3,2,Linux;Python;Cybersecurity Fundamentals;Cryptography;Threat Detection;SIEM;Networking;Ethical Hacking,8,Cybersecurity Analyst,Intermediate
STD_0453,B.Tech Artificial Intelligence and Data Science,1.0,3,1,Probability;Scikit-learn;Machine Learning;SQL;Deep Learning;Networking;Git;Pandas;Excel;Communication;Python;Data Visualization;Problem Solving,13,Data Scientist,Intermediate
STD_0254,B.Tech Information Technology,1.2,3,1,Git;Pandas;NLP;Python;Excel;Statistics;SQL;Machine Learning;NumPy,9,Data Scientist,Intermediate
STD_0897,B.E. Electronics and Communication,1.0,1,0,Java;OOP;Data Structures;Agile;Linux;SQL;CI/CD;Git,8,Software Developer,Developing
STD_1309,B.E. Computer Science and Engineering,0.2,1,0,Virtualization;Networking,2,Cloud Engineer,Beginner
STD_0881,BCA / MCA Computer Applications,1.9,4,3,C++;Java;Linux;JavaScript;Algorithms;Data Structures;Python;CI/CD,8,Software Developer,Intermediate
STD_1428,BCA / MCA Computer Applications,1.5,4,2,Security Tools;Networking;Git;Problem Solving;Kubernetes;Virtualization;Docker;Linux;AWS,9,Cloud Engineer,Intermediate
STD_0624,B.Tech Artificial Intelligence and Data Science,2.4,3,3,Statistics;Data Cleaning;Excel;Probability;Git;Data Visualization;Problem Solving;Pandas;SQL;Power BI,10,Data Analyst,Job Ready
STD_0346,B.Tech Artificial Intelligence and Data Science,3.2,4,3,Scikit-learn;Python;Git;Machine Learning;SQL;Excel;Problem Solving;NLP;Data Visualization;Statistics;Probability;Feature Engineering;NumPy;Communication;Pandas;Data Cleaning,16,Data Scientist,Job Ready
STD_1287,BCA / MCA Computer Applications,0.7,1,1,Kubernetes;Git;Docker;Cloud Fundamentals;Python;Networking;NumPy,7,Cloud Engineer,Developing
STD_0263,B.E. Electronics and Communication,0.2,2,1,Probability;NumPy;Statistics;Data Visualization;Communication;Excel;Python,7,Data Scientist,Developing
STD_0151,B.E. Electronics and Communication,1.8,6,3,Cloud Fundamentals;NumPy;NLP;PyTorch;Problem Solving;Model Deployment;TensorFlow;Deep Learning;Docker;Machine Learning;Scikit-learn,11,AI/ML Engineer,Job Ready
STD_0473,M.Tech Data Science & AI,0.4,1,0,Python;SQL;Data Cleaning;Pandas;Probability;NumPy,6,Data Scientist,Developing
STD_0641,B.E. Electronics and Communication,3.7,3,3,Statistics;Power BI;Python;Tableau;Pandas;SQL;Data Visualization;Problem Solving;Git;Probability;Data Cleaning,11,Data Analyst,Job Ready
STD_1485,B.E. Electronics and Communication,0.5,2,0,Cloud Fundamentals;AWS;Linux;Security Tools;Docker;Problem Solving;CI/CD;Kubernetes,8,Cloud Engineer,Developing
STD_1411,M.Tech Data Science & AI,2.2,6,4,Cloud Fundamentals;Problem Solving;Python;Networking;AWS;Azure;Kubernetes;Linux;Docker;CI/CD;Security Tools;GCP;Git;Virtualization,14,Cloud Engineer,Job Ready
STD_0551,BCA / MCA Computer Applications,0.3,1,1,Power BI;Pandas;Data Cleaning,3,Data Analyst,Beginner
STD_0929,BCA / MCA Computer Applications,1.4,2,2,Data Structures;Algorithms;CI/CD;Git;SQL;C++;REST API;Docker,8,Software Developer,Intermediate
STD_0489,B.E. Electronics and Communication,1.6,4,3,Scikit-learn;Problem Solving;Python;Excel;Pandas;Machine Learning;SQL,7,Data Scientist,Intermediate
STD_1357,B.E. Computer Science and Engineering,0.8,2,1,Linux;AWS;Docker;CI/CD;GCP;Networking,6,Cloud Engineer,Developing
STD_1172,B.Tech Information Technology,0.6,2,0,Python;Linux;Git;Statistics;Threat Detection;Cybersecurity Fundamentals;SIEM;Data Visualization,8,Cybersecurity Analyst,Developing
STD_0147,B.Tech Artificial Intelligence and Data Science,0.3,0,1,Security Tools;Vulnerability Assessment;NumPy,3,AI/ML Engineer,Beginner
STD_0403,B.Tech Information Technology,0.1,0,0,TensorFlow;Data Visualization,2,Data Scientist,Beginner
STD_0955,B.Tech Information Technology,3.5,4,3,Algorithms;JavaScript;Problem Solving;Git;Data Structures;REST API;SQL;CI/CD;Python;Java;C++,11,Software Developer,Job Ready
STD_1406,B.E. Computer Science and Engineering,1.1,1,0,Networking;Python;GCP;AWS,4,Cloud Engineer,Developing
STD_0660,B.Tech Information Technology,1.2,4,2,SQL;Statistics;Power BI;Python;Tableau;Pandas;Probability;Data Visualization;Communication,9,Data Analyst,Intermediate
STD_0464,B.E. Electronics and Communication,1.8,3,2,Data Cleaning;Probability;Python;Git;Feature Engineering;Data Visualization;NLP;Statistics;Scikit-learn;Pandas;Excel;OOP,12,Data Scientist,Intermediate
STD_0187,B.Tech Information Technology,0.0,1,0,Python;Scikit-learn,2,AI/ML Engineer,Beginner
STD_1148,B.Tech Information Technology,0.6,1,1,Communication;Linux;Threat Detection;Networking,4,Cybersecurity Analyst,Developing
STD_1225,M.Tech Data Science & AI,3.0,6,2,Vulnerability Assessment;Linux;Git;Python;Communication;Problem Solving;Threat Detection;Networking;OOP;Cybersecurity Fundamentals;SIEM;Ethical Hacking;Cryptography,13,Cybersecurity Analyst,Job Ready
STD_0609,B.Tech Information Technology,0.4,1,1,Git;Data Visualization;Data Cleaning;Problem Solving,4,Data Analyst,Beginner
STD_0144,B.Tech Artificial Intelligence and Data Science,1.4,3,1,Problem Solving;Statistics;NumPy;Deep Learning;Git;Python;Pandas;Scikit-learn;MLOps,9,AI/ML Engineer,Intermediate
STD_0752,BCA / MCA Computer Applications,1.0,2,1,JavaScript;OOP;Agile;Docker;Algorithms,5,Software Developer,Developing
STD_0982,B.E. Computer Science and Engineering,3.3,3,2,Virtualization;Git;OOP;Algorithms;REST API;C++;Agile;Data Structures;Communication;JavaScript;SQL;Python;Linux;CI/CD;Java,15,Software Developer,Job Ready
STD_0198,B.Tech Artificial Intelligence and Data Science,0.3,0,0,Scikit-learn;Python;REST API;Statistics;Java;SQL;Deep Learning,7,AI/ML Engineer,Beginner
STD_0884,B.E. Computer Science and Engineering,0.2,1,0,JavaScript,1,Software Developer,Beginner
STD_0280,M.Tech Data Science & AI,1.5,3,3,SQL;Python;Feature Engineering;Git;NLP;Pandas;Algorithms;Excel;Problem Solving;Scikit-learn;Data Visualization,11,Data Scientist,Intermediate
STD_0294,B.E. Computer Science and Engineering,0.8,4,2,Data Visualization;Pandas;NLP;SQL;Communication;Git;NumPy;Probability;Python,9,Data Scientist,Intermediate
STD_1365,B.E. Electronics and Communication,1.9,4,3,Kubernetes;CI/CD;Problem Solving;Python;Cloud Fundamentals;Azure;GCP;Linux;Networking;Docker;Git;AWS,12,Cloud Engineer,Intermediate
STD_0401,B.E. Electronics and Communication,0.5,1,1,NumPy,1,Data Scientist,Beginner
STD_0123,B.E. Electronics and Communication,1.5,3,4,Statistics;NLP;Python;MLOps;Machine Learning;TensorFlow;Deep Learning;PyTorch;Problem Solving;Docker;Cloud Fundamentals;NumPy;Model Deployment;Computer Vision;Scikit-learn;Git,16,AI/ML Engineer,Job Ready
STD_1208,B.E. Electronics and Communication,1.2,1,1,Git;Threat Detection;Cryptography;Cybersecurity Fundamentals,4,Cybersecurity Analyst,Developing
STD_0203,B.Tech Information Technology,1.3,2,2,NLP;PyTorch;Machine Learning;Deep Learning;Problem Solving;MLOps;Pandas;Model Deployment,8,AI/ML Engineer,Intermediate
STD_0836,B.Tech Artificial Intelligence and Data Science,0.7,2,2,Algorithms;Git;JavaScript;Problem Solving;SQL,5,Software Developer,Developing
STD_0247,B.Tech Artificial Intelligence and Data Science,1.1,2,1,Statistics;MLOps;NLP;Docker;Pandas;NumPy;Computer Vision,7,AI/ML Engineer,Developing
STD_1423,BCA / MCA Computer Applications,2.3,5,3,GCP;Git;Azure;Linux;AWS;Virtualization;Python;Networking;Docker;Problem Solving;Cloud Fundamentals;Kubernetes;Security Tools;CI/CD,14,Cloud Engineer,Job Ready
STD_1409,M.Tech Data Science & AI,1.1,2,0,AWS;CI/CD;Kubernetes;Linux;Git;Problem Solving;Virtualization,7,Cloud Engineer,Developing
STD_1154,BCA / MCA Computer Applications,0.3,1,0,Python;NumPy;Ethical Hacking,3,Cybersecurity Analyst,Beginner
STD_0385,M.Tech Data Science & AI,1.2,2,1,Machine Learning;NumPy;Scikit-learn;Excel;SQL,5,Data Scientist,Developing
STD_1323,B.Tech Information Technology,1.1,1,2,Problem Solving;Docker;Python;Virtualization,4,Cloud Engineer,Developing
STD_0855,B.Tech Artificial Intelligence and Data Science,1.8,6,2,REST API;JavaScript;C++;Linux;Python;Algorithms;OOP;SQL;Data Structures;Communication;Agile;Problem Solving;Git,13,Software Developer,Job Ready
STD_0220,B.Tech Artificial Intelligence and Data Science,0.4,1,1,SQL;Python;Statistics;Scikit-learn;Deep Learning,5,AI/ML Engineer,Beginner
STD_0642,BCA / MCA Computer Applications,1.0,1,1,Excel;REST API;Problem Solving;Data Visualization;Power BI;Pandas;Python;Git,8,Data Analyst,Developing
STD_0002,B.Tech Artificial Intelligence and Data Science,1.0,1,2,TensorFlow;Machine Learning;Deep Learning;NumPy;MLOps,5,AI/ML Engineer,Developing
STD_0113,B.E. Electronics and Communication,0.1,0,1,Machine Learning;Deep Learning,2,AI/ML Engineer,Beginner
STD_0699,B.E. Electronics and Communication,1.7,2,1,Tableau;Git;Data Visualization;Data Cleaning;Python;Probability;Communication;SQL;Power BI;Excel,10,Data Analyst,Intermediate
STD_1432,M.Tech Data Science & AI,2.0,3,1,Problem Solving;CI/CD;Linux;Cloud Fundamentals;Security Tools;Docker;GCP;Kubernetes;Networking;Git;Python,11,Cloud Engineer,Intermediate
STD_0952,B.E. Electronics and Communication,0.3,1,1,Docker;Data Structures;Linux,3,Software Developer,Beginner
STD_1318,BCA / MCA Computer Applications,0.5,2,2,Algorithms;CI/CD;Git;Security Tools;Linux;Kubernetes;Cloud Fundamentals;Problem Solving,8,Cloud Engineer,Developing
STD_1292,M.Tech Data Science & AI,1.4,2,3,Security Tools;Virtualization;CI/CD;Cloud Fundamentals;Linux;Docker;Kubernetes,7,Cloud Engineer,Intermediate
STD_1354,BCA / MCA Computer Applications,3.1,5,2,GCP;Python;Networking;Kubernetes;Virtualization;Azure;Security Tools;AWS;Docker;CI/CD;Git;Cloud Fundamentals;Linux;Problem Solving,14,Cloud Engineer,Job Ready
STD_0442,B.E. Computer Science and Engineering,0.0,1,1,Git;Machine Learning;Python;Security Tools,4,Data Scientist,Beginner
STD_1137,B.E. Computer Science and Engineering,2.9,3,4,Networking;Cryptography;Vulnerability Assessment;Git;Cybersecurity Fundamentals;Python;Communication;Threat Detection;Linux;SIEM;Problem Solving;Security Tools,12,Cybersecurity Analyst,Job Ready
STD_1257,M.Tech Data Science & AI,2.5,5,4,Kubernetes;Networking;Security Tools;AWS;CI/CD;Python;Docker;Cloud Fundamentals;Azure;Problem Solving;Linux;Data Structures;Git;GCP;Virtualization,15,Cloud Engineer,Job Ready
STD_0664,B.Tech Information Technology,0.6,2,2,PyTorch;Data Cleaning;Excel;Pandas;Tableau;TensorFlow;Git,7,Data Analyst,Developing
STD_1373,M.Tech Data Science & AI,1.7,3,3,Networking;Power BI;Virtualization;Docker;Kubernetes;Git;GCP;Cloud Fundamentals;AWS;Problem Solving;Azure;Linux,12,Cloud Engineer,Intermediate
STD_1258,M.Tech Data Science & AI,0.9,1,1,Linux;JavaScript;Docker;Python;CI/CD,5,Cloud Engineer,Developing
STD_1332,B.Tech Artificial Intelligence and Data Science,1.2,1,2,Python;Kubernetes;Linux;CI/CD;Docker;Git;AWS,7,Cloud Engineer,Developing
STD_0318,BCA / MCA Computer Applications,0.2,1,0,Statistics;Python,2,Data Scientist,Beginner
STD_0649,B.E. Electronics and Communication,0.1,0,0,SQL,1,Data Analyst,Beginner
STD_0710,BCA / MCA Computer Applications,1.5,4,3,Excel;Data Cleaning;Problem Solving;Git;Communication;Python;Statistics;Data Visualization,8,Data Analyst,Intermediate
STD_1283,M.Tech Data Science & AI,1.9,3,3,Networking;Azure;GCP;Python;Linux;Security Tools;Cloud Fundamentals;Kubernetes;AWS;Virtualization,10,Cloud Engineer,Intermediate
STD_0973,B.E. Computer Science and Engineering,0.8,2,1,C++;SQL;Problem Solving;Git;AWS;Python;Linux;Java,8,Software Developer,Developing
STD_0628,M.Tech Data Science & AI,0.6,2,0,Python;Data Visualization;Pandas;Communication,4,Data Analyst,Developing
STD_0633,M.Tech Data Science & AI,1.7,3,2,Statistics;Data Visualization;Communication;SQL;Tableau;Git;Python;Problem Solving;Excel;Power BI;Probability;Virtualization;Data Cleaning;Docker;Pandas,15,Data Analyst,Job Ready
STD_1307,BCA / MCA Computer Applications,1.9,4,2,Cloud Fundamentals;Linux;Virtualization;Docker;GCP;Cryptography;Azure;Networking;Security Tools;Problem Solving,10,Cloud Engineer,Intermediate
STD_1249,B.E. Computer Science and Engineering,1.0,4,2,SIEM;Statistics;Security Tools;Threat Detection;SQL;Cybersecurity Fundamentals;Cryptography;Problem Solving;Communication;Ethical Hacking;Python;Vulnerability Assessment;Networking,13,Cybersecurity Analyst,Intermediate
STD_1462,B.Tech Information Technology,1.7,5,2,CI/CD;GCP;Problem Solving;Security Tools;Python;Git;Docker;Networking;Linux;AWS;Virtualization;Cloud Fundamentals;Kubernetes,13,Cloud Engineer,Job Ready
STD_1255,B.Tech Information Technology,1.1,1,1,Linux;Docker;Problem Solving;Virtualization,4,Cloud Engineer,Developing
STD_1384,B.Tech Artificial Intelligence and Data Science,2.0,4,1,Problem Solving;Networking;Git;Kubernetes;Virtualization;Security Tools;Docker;Cloud Fundamentals;Linux,9,Cloud Engineer,Intermediate
STD_0796,B.E. Computer Science and Engineering,1.6,2,2,Python;Java;Git;Algorithms;Problem Solving;Communication;SQL;Power BI;Agile;JavaScript;Data Structures;Docker;C++,13,Software Developer,Intermediate
STD_0646,B.E. Electronics and Communication,1.2,2,2,Power BI;Data Visualization;Excel;Tableau;Communication;Git;Problem Solving;Pandas;Data Cleaning,9,Data Analyst,Intermediate
STD_1013,B.Tech Information Technology,1.8,4,3,Linux;Vulnerability Assessment;SIEM;Ethical Hacking;Cryptography;Threat Detection;Problem Solving;Python;Networking;Cybersecurity Fundamentals,10,Cybersecurity Analyst,Job Ready
STD_0557,B.E. Computer Science and Engineering,0.5,2,1,SQL;Excel;Communication;Data Cleaning;Probability;Statistics;Power BI,7,Data Analyst,Developing
STD_0682,B.E. Electronics and Communication,1.6,3,2,Statistics;Probability;Pandas;OOP;Problem Solving;Tableau;Git;Data Cleaning;Communication;JavaScript;Data Visualization;Excel,12,Data Analyst,Intermediate
STD_0578,M.Tech Data Science & AI,0.0,0,0,SQL;Git;Probability,3,Data Analyst,Beginner
STD_1110,B.E. Electronics and Communication,0.2,2,1,Vulnerability Assessment;Cryptography;Linux;Communication;Ethical Hacking;Python;Threat Detection;Cloud Fundamentals;SIEM,9,Cybersecurity Analyst,Developing
STD_1267,B.E. Computer Science and Engineering,0.3,0,0,Git;Azure;Networking;AWS;Virtualization,5,Cloud Engineer,Beginner
STD_1184,B.E. Electronics and Communication,0.5,2,1,Python;SIEM;Linux;Security Tools;Cybersecurity Fundamentals;Vulnerability Assessment,6,Cybersecurity Analyst,Developing
STD_0525,BCA / MCA Computer Applications,2.1,3,3,Probability;Problem Solving;Python;Power BI;Data Cleaning;SQL;Pandas;Statistics;Excel,9,Data Analyst,Intermediate
STD_1060,BCA / MCA Computer Applications,0.1,0,0,OOP;SIEM;Threat Detection,3,Cybersecurity Analyst,Beginner
STD_0541,B.E. Electronics and Communication,0.2,1,0,Excel;Communication;Data Cleaning;Power BI,4,Data Analyst,Beginner
STD_1195,B.Tech Information Technology,0.4,2,2,Cybersecurity Fundamentals;Vulnerability Assessment;SIEM;Networking;Ethical Hacking;Communication;Python;Security Tools,8,Cybersecurity Analyst,Developing
STD_0749,M.Tech Data Science & AI,0.8,2,0,Probability;NLP;Python;Power BI;Tableau;SQL;Statistics;Pandas;Problem Solving,9,Data Analyst,Developing
STD_1387,B.E. Electronics and Communication,1.1,3,3,Problem Solving;Kubernetes;Docker;GCP;Virtualization;Azure;Cloud Fundamentals;Networking;CI/CD;Python;Linux,11,Cloud Engineer,Intermediate
STD_0485,B.E. Computer Science and Engineering,0.6,2,0,Python;Git;Data Visualization;Deep Learning;Problem Solving;NumPy,6,Data Scientist,Developing
STD_0096,B.Tech Artificial Intelligence and Data Science,0.5,1,0,SQL;Python;TensorFlow;Scikit-learn;NumPy,5,AI/ML Engineer,Developing
STD_1021,B.E. Electronics and Communication,0.4,0,0,Git;Cybersecurity Fundamentals;Scikit-learn,3,Cybersecurity Analyst,Beginner
STD_0564,M.Tech Data Science & AI,1.9,3,2,Tableau;Pandas;Data Visualization;Power BI;Statistics;Communication;Probability;Git;Data Cleaning;Python;Problem Solving,11,Data Analyst,Intermediate
STD_1265,B.Tech Information Technology,0.0,0,0,Security Tools;Power BI;Pandas;Docker;Problem Solving;Python,6,Cloud Engineer,Beginner
STD_0743,BCA / MCA Computer Applications,0.3,2,0,Python;Data Visualization;Communication;Data Cleaning;Probability;Problem Solving,6,Data Analyst,Developing
STD_0864,M.Tech Data Science & AI,1.7,5,4,SQL;REST API;Data Visualization;JavaScript;OOP;C++;Git;Linux;Java;Docker;Data Structures;Problem Solving;Algorithms,13,Software Developer,Job Ready
STD_0892,M.Tech Data Science & AI,2.0,2,3,Networking;Git;JavaScript;C++;SQL;Python;Communication;Linux;Docker;Java;Data Structures,11,Software Developer,Intermediate
STD_1039,B.Tech Information Technology,0.1,0,0,Threat Detection;Git;Security Tools,3,Cybersecurity Analyst,Beginner
STD_0207,BCA / MCA Computer Applications,1.9,3,3,Git;Deep Learning;NLP;PyTorch;SQL;Scikit-learn;NumPy;Model Deployment;Docker;Computer Vision;Statistics,11,AI/ML Engineer,Intermediate
STD_0393,B.E. Computer Science and Engineering,1.1,2,2,Statistics;Excel;Deep Learning;Scikit-learn;Machine Learning;NumPy;REST API;Git;SQL,9,Data Scientist,Intermediate
STD_0795,B.Tech Information Technology,1.6,3,2,OOP;Java;REST API;Algorithms;Agile;SQL;CI/CD;Python;C++;Linux;Docker,11,Software Developer,Intermediate
STD_0871,B.Tech Artificial Intelligence and Data Science,1.8,3,2,C++;Linux;Agile;Problem Solving;JavaScript;REST API;SQL;OOP;Data Structures,9,Software Developer,Intermediate
STD_0398,BCA / MCA Computer Applications,1.2,3,3,Probability;NLP;Machine Learning;Data Visualization;NumPy;SQL;Deep Learning;Git;Problem Solving;Python;Excel,11,Data Scientist,Intermediate
STD_0767,B.Tech Information Technology,0.9,2,0,JavaScript;Git;REST API;Linux;C++,5,Software Developer,Developing
STD_1377,B.Tech Artificial Intelligence and Data Science,0.3,0,1,Data Cleaning;Kubernetes;Cloud Fundamentals;Statistics,4,Cloud Engineer,Beginner
STD_1242,B.Tech Artificial Intelligence and Data Science,2.1,6,4,Ethical Hacking;Problem Solving;Vulnerability Assessment;Linux;Git;Cybersecurity Fundamentals;Threat Detection;SIEM;Python;JavaScript;Communication;Security Tools;Networking;Cryptography,14,Cybersecurity Analyst,Job Ready
STD_1029,B.E. Electronics and Communication,0.9,4,2,Ethical Hacking;Python;Vulnerability Assessment;Git;Cybersecurity Fundamentals;Networking;Security Tools;Communication;Cryptography,9,Cybersecurity Analyst,Intermediate
STD_0643,M.Tech Data Science & AI,0.4,0,0,Git;Pandas,2,Data Analyst,Beginner
STD_0613,B.Tech Artificial Intelligence and Data Science,2.1,4,3,Communication;Data Cleaning;Pandas;Excel;Security Tools;Git;Problem Solving;SQL;Statistics;Data Visualization;Power BI;Tableau,12,Data Analyst,Intermediate
STD_0961,B.E. Computer Science and Engineering,2.1,4,1,REST API;Data Structures;Agile;Excel;Python;Docker;SQL;Linux;Git;Java;Problem Solving,11,Software Developer,Intermediate
STD_0726,B.E. Computer Science and Engineering,1.7,2,1,Problem Solving;Data Cleaning;SQL;Python;Scikit-learn;Probability;Data Visualization;Power BI;Pandas;Excel;Statistics,11,Data Analyst,Intermediate
STD_0684,BCA / MCA Computer Applications,0.1,1,1,Excel;Python;NLP;Pandas;SQL;Problem Solving;Tableau,7,Data Analyst,Beginner
STD_0099,B.E. Electronics and Communication,3.2,4,2,NumPy;SQL;PyTorch;Python;Machine Learning;Computer Vision;Git;Problem Solving;Cloud Fundamentals;Model Deployment;MLOps;TensorFlow;NLP;Statistics,14,AI/ML Engineer,Job Ready
STD_0805,M.Tech Data Science & AI,2.1,3,3,Data Structures;Git;Java;JavaScript;Docker;Linux;OOP;Communication;Problem Solving;Agile,10,Software Developer,Intermediate
STD_0407,B.Tech Information Technology,0.7,2,2,NumPy;Machine Learning;Git;Statistics;Feature Engineering,5,Data Scientist,Developing
STD_0503,B.E. Computer Science and Engineering,1.1,3,3,Data Visualization;Data Cleaning;Pandas;REST API;Excel;Git;Java;Communication;Power BI,9,Data Analyst,Intermediate
STD_1072,BCA / MCA Computer Applications,3.3,6,3,Networking;Ethical Hacking;Cryptography;Vulnerability Assessment;Cybersecurity Fundamentals;Git;Linux;Python;Threat Detection;Security Tools;SIEM,11,Cybersecurity Analyst,Job Ready
STD_1057,B.E. Computer Science and Engineering,1.6,4,3,Git;Linux;Communication;Python;Networking;Cryptography;Ethical Hacking;Security Tools,8,Cybersecurity Analyst,Intermediate
STD_0930,M.Tech Data Science & AI,1.3,2,1,Data Structures;OOP;JavaScript;CI/CD;Communication;Algorithms;Linux;Java;Git,9,Software Developer,Intermediate
STD_0780,B.Tech Artificial Intelligence and Data Science,0.5,0,1,CI/CD;REST API;Algorithms;Docker;OOP,5,Software Developer,Beginner
STD_0201,B.Tech Artificial Intelligence and Data Science,0.9,2,0,Cloud Fundamentals;NLP;Computer Vision;Git;SQL;Pandas;PyTorch,7,AI/ML Engineer,Developing
STD_0135,B.E. Computer Science and Engineering,1.8,3,2,Deep Learning;Problem Solving;Git;PyTorch;Pandas;Cloud Fundamentals;Statistics;Computer Vision;Machine Learning;Docker;Model Deployment;NLP;Scikit-learn;Python;MLOps,15,AI/ML Engineer,Job Ready
STD_1052,B.E. Electronics and Communication,0.3,1,0,SQL;Linux;Python;Problem Solving;Cryptography;Pandas;Communication,7,Cybersecurity Analyst,Beginner
STD_0041,BCA / MCA Computer Applications,0.3,1,0,NumPy,1,AI/ML Engineer,Beginner
STD_1018,M.Tech Data Science & AI,1.2,4,2,Security Tools;Git;SIEM;Problem Solving;Threat Detection;Linux;Communication;Vulnerability Assessment;Ethical Hacking;Scikit-learn;Cryptography;Python,12,Cybersecurity Analyst,Intermediate
STD_0231,M.Tech Data Science & AI,1.1,1,1,Deep Learning;TensorFlow;Model Deployment;Computer Vision;Machine Learning;Scikit-learn;SQL,7,AI/ML Engineer,Developing
STD_0379,B.E. Electronics and Communication,1.1,2,1,Machine Learning;Deep Learning;Pandas;Feature Engineering;Python;Communication;Statistics;Probability;Excel;Git,10,Data Scientist,Intermediate
STD_0289,B.E. Electronics and Communication,0.2,0,1,Communication;Probability;Scikit-learn,3,Data Scientist,Beginner
STD_0419,B.Tech Information Technology,1.0,2,1,Problem Solving;NumPy;Statistics;Python;Scikit-learn;Feature Engineering;Deep Learning;Data Cleaning;Data Visualization;Git;Pandas,11,Data Scientist,Intermediate
STD_0392,B.Tech Artificial Intelligence and Data Science,0.8,1,2,Feature Engineering;Excel;Python;Scikit-learn;NumPy;Git;Pandas,7,Data Scientist,Developing
STD_0593,B.Tech Artificial Intelligence and Data Science,2.5,3,4,Excel;Communication;Pandas;SQL;Power BI;Statistics;Problem Solving;Git;Python;Tableau;Data Cleaning;Data Visualization,12,Data Analyst,Job Ready
STD_1163,B.E. Electronics and Communication,1.1,1,1,Threat Detection;Cybersecurity Fundamentals;Ethical Hacking;Vulnerability Assessment;Linux;Pandas;Problem Solving,7,Cybersecurity Analyst,Developing
STD_1087,M.Tech Data Science & AI,1.7,4,2,Security Tools;Linux;SIEM;Statistics;Vulnerability Assessment;Cryptography;Communication;Problem Solving;Git;Ethical Hacking;Cybersecurity Fundamentals;Threat Detection;Python,13,Cybersecurity Analyst,Intermediate
STD_0648,M.Tech Data Science & AI,0.6,2,1,Statistics;Power BI;Problem Solving;Python;Tableau;Communication,6,Data Analyst,Developing
STD_1153,B.E. Electronics and Communication,0.6,1,2,Scikit-learn;Git;Python;Pandas;Threat Detection;Cybersecurity Fundamentals,6,Cybersecurity Analyst,Developing
STD_1368,M.Tech Data Science & AI,2.0,3,3,Security Tools;Kubernetes;GCP;Docker;Virtualization;Python;Git;AWS;Linux;Cloud Fundamentals;Networking;CI/CD,12,Cloud Engineer,Job Ready
STD_0521,B.E. Computer Science and Engineering,0.5,0,1,Communication;Data Visualization;Probability;Pandas;Statistics,5,Data Analyst,Beginner
STD_0065,B.Tech Information Technology,0.5,1,0,Model Deployment;JavaScript;Scikit-learn,3,AI/ML Engineer,Beginner
STD_0015,B.Tech Information Technology,0.9,1,2,NumPy;Machine Learning;Cloud Fundamentals;PyTorch;NLP;Docker;Statistics,7,AI/ML Engineer,Developing
STD_1181,M.Tech Data Science & AI,0.0,1,0,Power BI;Pandas;SIEM;Communication;Networking,5,Cybersecurity Analyst,Beginner
STD_1065,B.E. Computer Science and Engineering,0.9,3,2,Problem Solving;Linux;Python;Git;Cryptography;Networking;SIEM;Threat Detection;Communication;Security Tools;Vulnerability Assessment;Ethical Hacking,12,Cybersecurity Analyst,Intermediate
STD_0493,BCA / MCA Computer Applications,0.9,2,2,NumPy;Communication;NLP;Machine Learning;Python;SQL,6,Data Scientist,Developing
STD_0380,B.Tech Information Technology,0.5,1,0,Pandas;Python;Probability;Data Cleaning;Statistics,5,Data Scientist,Beginner
STD_0188,B.E. Electronics and Communication,0.2,2,0,Linux;PyTorch;Model Deployment;NLP;Machine Learning;Cryptography;Computer Vision,7,AI/ML Engineer,Developing
STD_0764,B.Tech Information Technology,2.7,3,4,Data Structures;OOP;Algorithms;SQL;Agile;C++;Linux;Communication;Python;Docker;Problem Solving;REST API;JavaScript;CI/CD;Git,15,Software Developer,Job Ready
STD_0217,B.E. Electronics and Communication,1.0,2,2,Pandas;Model Deployment;Statistics;Deep Learning;Scikit-learn;Problem Solving;TensorFlow;Python,8,AI/ML Engineer,Developing
STD_0792,B.Tech Artificial Intelligence and Data Science,1.0,4,3,C++;CI/CD;Docker;JavaScript;Data Structures;Java;REST API;Linux;Git;Algorithms;Communication,11,Software Developer,Intermediate
STD_1077,B.Tech Information Technology,0.2,1,0,Pandas;Vulnerability Assessment;Python;Cybersecurity Fundamentals;Ethical Hacking;Threat Detection,6,Cybersecurity Analyst,Beginner
STD_0879,B.E. Computer Science and Engineering,0.4,1,0,Power BI;Python;C++;Agile;Excel,5,Software Developer,Beginner
STD_0338,M.Tech Data Science & AI,2.1,2,2,SQL;Deep Learning;Git;Scikit-learn;Pandas;Probability;Data Cleaning;NumPy;Machine Learning;Problem Solving,10,Data Scientist,Intermediate
STD_0720,B.Tech Information Technology,0.4,0,1,Communication;Data Cleaning,2,Data Analyst,Beginner
STD_0296,B.E. Electronics and Communication,0.4,0,1,Pandas,1,Data Scientist,Beginner
STD_1017,M.Tech Data Science & AI,1.9,3,3,Cryptography;Ethical Hacking;Networking;Git;Threat Detection;SIEM;Python;Communication;Linux;Problem Solving;Cybersecurity Fundamentals;Vulnerability Assessment,12,Cybersecurity Analyst,Job Ready
STD_1276,B.Tech Information Technology,0.7,2,2,Docker;Azure;Git;Problem Solving;Virtualization;Cloud Fundamentals;AWS,7,Cloud Engineer,Developing
STD_0456,BCA / MCA Computer Applications,3.3,3,3,NLP;Pandas;Excel;Data Visualization;SQL;Problem Solving;Feature Engineering;Data Cleaning;Deep Learning;Python;Statistics;Java;NumPy;Scikit-learn;Probability;Machine Learning,16,Data Scientist,Job Ready
STD_1497,BCA / MCA Computer Applications,0.7,1,0,AWS;Virtualization;SQL;Cloud Fundamentals;Linux;Docker;Azure;CI/CD;Security Tools,9,Cloud Engineer,Developing
STD_0816,BCA / MCA Computer Applications,0.0,1,0,JavaScript;Data Cleaning;Data Visualization;SQL,4,Software Developer,Beginner
STD_0270,B.Tech Information Technology,1.5,4,2,Machine Learning;Pandas;Data Cleaning;SQL;NumPy;Excel;Git;Python;Feature Engineering,9,Data Scientist,Intermediate
STD_0996,M.Tech Data Science & AI,1.1,3,1,Docker;CI/CD;JavaScript;REST API;SQL;Git;OOP;Java;Communication,9,Software Developer,Intermediate
STD_0202,B.Tech Artificial Intelligence and Data Science,3.3,3,2,PyTorch;Pandas;Cloud Fundamentals;Scikit-learn;Linux;Model Deployment;Machine Learning;Problem Solving;NumPy;Python;TensorFlow;Deep Learning;NLP;SQL,14,AI/ML Engineer,Job Ready
STD_0162,B.Tech Artificial Intelligence and Data Science,0.5,1,1,TensorFlow;Model Deployment;Cybersecurity Fundamentals;Linux,4,AI/ML Engineer,Beginner
STD_0730,B.Tech Information Technology,1.4,2,1,Virtualization;Git;Excel;SQL;Pandas;Data Visualization;Probability;Data Cleaning,8,Data Analyst,Intermediate
STD_0402,B.E. Electronics and Communication,0.6,2,2,NumPy;Machine Learning;NLP;Data Visualization,4,Data Scientist,Developing
STD_0703,BCA / MCA Computer Applications,3.3,3,3,Tableau;Excel;Data Visualization;Communication;Statistics;Problem Solving;SQL;Power BI;Pandas;Git;Python,11,Data Analyst,Job Ready
STD_1130,B.Tech Artificial Intelligence and Data Science,0.2,2,0,Python;Security Tools;Vulnerability Assessment;Cryptography;Communication;Networking,6,Cybersecurity Analyst,Developing
STD_0566,B.Tech Information Technology,1.5,3,2,Data Cleaning;SQL;Probability;Tableau;Problem Solving;Power BI;Data Visualization;Git;Pandas;Statistics;Python,11,Data Analyst,Intermediate
STD_1414,BCA / MCA Computer Applications,0.8,2,1,Security Tools;Computer Vision;Python;GCP;Problem Solving;Virtualization;Cloud Fundamentals;AWS;Kubernetes,9,Cloud Engineer,Intermediate
STD_1022,BCA / MCA Computer Applications,1.2,3,1,Vulnerability Assessment;Communication;SIEM;Git;Networking;Linux;Cryptography;Cybersecurity Fundamentals,8,Cybersecurity Analyst,Intermediate
STD_1026,B.Tech Artificial Intelligence and Data Science,2.0,2,2,Cybersecurity Fundamentals;Threat Detection;NumPy;Git;SIEM;Security Tools;Communication;Ethical Hacking;Python;Networking,10,Cybersecurity Analyst,Intermediate
STD_1412,BCA / MCA Computer Applications,0.7,2,1,Cloud Fundamentals;Linux;Python;Kubernetes;Networking;Git,6,Cloud Engineer,Developing
STD_1105,B.E. Electronics and Communication,0.1,1,1,Cryptography;Cybersecurity Fundamentals;Deep Learning;Computer Vision,4,Cybersecurity Analyst,Beginner
STD_0206,B.Tech Information Technology,2.0,3,3,NumPy;TensorFlow;MLOps;Pandas;Cloud Fundamentals;NLP;PyTorch;Problem Solving;Machine Learning;Git;Docker,11,AI/ML Engineer,Intermediate
STD_0035,BCA / MCA Computer Applications,1.2,1,2,Machine Learning;Problem Solving;Python;Pandas,4,AI/ML Engineer,Developing
STD_0776,B.Tech Information Technology,0.4,1,2,Communication;Python;Algorithms;REST API;JavaScript;Linux,6,Software Developer,Developing
STD_0509,B.Tech Information Technology,2.9,3,4,Python;Data Cleaning;Communication;Pandas;Probability;Problem Solving;Power BI;Git;Tableau;Excel;Statistics;SQL;Data Visualization,13,Data Analyst,Job Ready
STD_1476,B.E. Electronics and Communication,0.9,2,0,Docker;Python;AWS;Kubernetes;Security Tools,5,Cloud Engineer,Developing
STD_1391,B.Tech Artificial Intelligence and Data Science,0.8,2,0,AWS;Python;Networking;GCP;Git;Azure;Linux;Cloud Fundamentals,8,Cloud Engineer,Developing
STD_0092,M.Tech Data Science & AI,0.7,1,1,Pandas;NLP;NumPy;Deep Learning;Git;Machine Learning,6,AI/ML Engineer,Developing
STD_1364,B.E. Computer Science and Engineering,0.2,1,1,Linux;Machine Learning;CI/CD;Kubernetes;GCP;Python;Docker,7,Cloud Engineer,Beginner
STD_0898,B.Tech Artificial Intelligence and Data Science,0.2,0,0,Algorithms;Communication;CI/CD,3,Software Developer,Beginner
STD_0565,M.Tech Data Science & AI,0.3,2,1,Communication;Tableau;Statistics;Probability;Data Cleaning;Data Visualization;Excel;SQL,8,Data Analyst,Developing
STD_1370,B.E. Computer Science and Engineering,2.5,3,3,Linux;Security Tools;Docker;CI/CD;Kubernetes;AWS;Cloud Fundamentals;Networking;NLP;Azure;Git;Computer Vision;Virtualization;GCP;Python;Problem Solving,16,Cloud Engineer,Job Ready
STD_0777,M.Tech Data Science & AI,0.1,1,1,OOP;Problem Solving;Linux,3,Software Developer,Beginner
STD_0242,B.Tech Information Technology,3.4,3,3,Pandas;Git;NumPy;Scikit-learn;Deep Learning;MLOps;PyTorch;TensorFlow;Problem Solving;SQL;Statistics;Cloud Fundamentals;NLP,13,AI/ML Engineer,Job Ready
STD_0014,M.Tech Data Science & AI,3.7,4,4,Pandas;NLP;Python;Computer Vision;Model Deployment;PyTorch;MLOps;REST API;Deep Learning;TensorFlow;Machine Learning;Scikit-learn;Algorithms;Problem Solving;NumPy,15,AI/ML Engineer,Job Ready
STD_0316,B.Tech Artificial Intelligence and Data Science,3.2,6,3,Scikit-learn;Git;Problem Solving;SQL;Statistics;Data Visualization;Communication;Machine Learning;Cybersecurity Fundamentals;Probability;Pandas,11,Data Scientist,Job Ready
STD_0601,M.Tech Data Science & AI,1.0,1,1,Communication;SQL;Data Visualization;Data Cleaning;Statistics,5,Data Analyst,Developing
STD_0388,M.Tech Data Science & AI,0.8,2,2,Python;SQL;Data Cleaning;Machine Learning;OOP;Probability;Git;Pandas,8,Data Scientist,Developing
STD_1298,B.Tech Information Technology,2.1,4,1,Virtualization;CI/CD;Git;Azure;AWS;GCP;Python;Security Tools;Networking;Docker;Data Structures;Problem Solving;Kubernetes,13,Cloud Engineer,Intermediate
STD_0167,M.Tech Data Science & AI,2.1,4,2,Python;Computer Vision;Problem Solving;Deep Learning;NLP;Docker;NumPy;MLOps;Model Deployment;Scikit-learn,10,AI/ML Engineer,Intermediate
STD_0841,B.E. Computer Science and Engineering,1.4,2,2,Java;Linux;Agile;JavaScript;Git;Communication;OOP;Algorithms;CI/CD,9,Software Developer,Intermediate
STD_0021,B.E. Computer Science and Engineering,0.4,0,1,TensorFlow;Scikit-learn;Docker;MLOps;SQL,5,AI/ML Engineer,Beginner
STD_0647,B.Tech Information Technology,0.1,0,1,Data Visualization;Communication;Power BI;Excel,4,Data Analyst,Beginner
STD_1155,M.Tech Data Science & AI,0.4,2,0,Probability;Security Tools;Threat Detection;Networking;Ethical Hacking;Git;Problem Solving;Vulnerability Assessment,8,Cybersecurity Analyst,Developing
STD_0832,BCA / MCA Computer Applications,0.4,1,2,Docker;Git;CI/CD;JavaScript;Agile;Java;Data Structures,7,Software Developer,Developing
STD_1268,M.Tech Data Science & AI,1.0,3,3,Linux;Kubernetes;Docker;Python;Problem Solving;Security Tools;AWS;Networking;Azure;CI/CD;Git,11,Cloud Engineer,Intermediate
STD_0563,B.Tech Information Technology,0.8,2,0,SQL;Power BI;Statistics;Python;Communication;Problem Solving;Excel;Probability,8,Data Analyst,Developing
STD_1461,B.E. Electronics and Communication,0.1,1,1,Kubernetes;Cloud Fundamentals;Linux,3,Cloud Engineer,Beginner
STD_0687,B.Tech Artificial Intelligence and Data Science,1.9,2,1,Python;Excel;SQL;Communication;Networking;Problem Solving;Data Cleaning;Pandas;Data Visualization;Git,10,Data Analyst,Intermediate
STD_0958,M.Tech Data Science & AI,2.9,5,3,C++;Data Structures;OOP;CI/CD;JavaScript;REST API;Python;Git;Java;Problem Solving,10,Software Developer,Job Ready
STD_0190,M.Tech Data Science & AI,1.6,4,2,Cloud Fundamentals;Statistics;NumPy;Pandas;Problem Solving;NLP;Deep Learning;PyTorch;Docker;Computer Vision;Python,11,AI/ML Engineer,Job Ready
STD_0976,M.Tech Data Science & AI,1.5,6,2,Agile;CI/CD;REST API;C++;Git;Algorithms;Communication;Problem Solving;SQL;Java;Data Structures;Python;Docker;Linux;JavaScript,15,Software Developer,Job Ready
STD_0700,B.E. Electronics and Communication,1.1,2,2,Tableau;Excel;Python;Problem Solving;Git;Pandas;Data Cleaning;Machine Learning;Power BI,9,Data Analyst,Developing
STD_0511,B.E. Electronics and Communication,1.1,2,2,SQL;Communication;Data Cleaning;Power BI;Problem Solving;Linux,6,Data Analyst,Developing
STD_1083,B.E. Electronics and Communication,0.0,1,1,Security Tools;Python,2,Cybersecurity Analyst,Beginner
STD_0475,B.E. Electronics and Communication,0.5,2,1,Problem Solving;Probability;NumPy;Deep Learning;Data Visualization;Communication;Python,7,Data Scientist,Developing
STD_0857,B.Tech Information Technology,0.5,0,1,OOP,1,Software Developer,Beginner
STD_0748,B.E. Electronics and Communication,1.5,4,3,Tableau;Python;Power BI;Data Cleaning;SQL;Git;Data Visualization,7,Data Analyst,Intermediate
STD_0253,BCA / MCA Computer Applications,1.4,3,1,Data Visualization;Git;Excel;Scikit-learn;NumPy;Communication;Data Cleaning;Machine Learning;Problem Solving;Python;SQL,11,Data Scientist,Intermediate
STD_0022,B.E. Computer Science and Engineering,1.0,3,3,TensorFlow;Docker;Scikit-learn;Problem Solving;Computer Vision;MLOps;Cloud Fundamentals;Deep Learning;NLP;SQL,10,AI/ML Engineer,Intermediate
STD_1338,B.Tech Information Technology,2.2,4,4,Virtualization;Security Tools;Kubernetes;Cloud Fundamentals;Docker;Problem Solving;Linux;Python;AWS;CI/CD;GCP,11,Cloud Engineer,Job Ready
STD_0460,B.E. Computer Science and Engineering,0.4,1,0,Data Structures;SQL;Problem Solving;Pandas,4,Data Scientist,Beginner
STD_1185,M.Tech Data Science & AI,0.9,2,3,Cybersecurity Fundamentals;Security Tools;Communication;Vulnerability Assessment;SIEM;Linux;Python;Git;Problem Solving,9,Cybersecurity Analyst,Intermediate
STD_0277,B.E. Electronics and Communication,1.8,4,3,Excel;Scikit-learn;Pandas;Probability;Git;NumPy;Machine Learning;TensorFlow;Feature Engineering,9,Data Scientist,Intermediate
STD_0956,BCA / MCA Computer Applications,1.5,2,3,Algorithms;SQL;C++;REST API;Communication;JavaScript;Java;OOP;Linux,9,Software Developer,Intermediate
STD_1216,B.E. Computer Science and Engineering,0.3,1,0,Python;Networking;SIEM;Ethical Hacking;Cryptography,5,Cybersecurity Analyst,Beginner
STD_0386,B.E. Electronics and Communication,0.8,1,2,Deep Learning;Statistics;NumPy;Data Cleaning;SQL,5,Data Scientist,Developing
STD_0806,BCA / MCA Computer Applications,0.2,0,0,Git;Agile;Networking;Java;Docker,5,Software Developer,Beginner
STD_1438,BCA / MCA Computer Applications,1.6,4,3,Docker;AWS;Problem Solving;Azure;Linux;CI/CD;Python;Kubernetes;Cloud Fundamentals;Networking;Virtualization;Security Tools,12,Cloud Engineer,Job Ready
STD_0344,BCA / MCA Computer Applications,0.7,2,2,Probability;Data Visualization;Excel;Machine Learning;Git,5,Data Scientist,Developing
STD_0770,B.E. Computer Science and Engineering,2.2,5,3,Linux;Communication;OOP;Java;Git;C++;Docker;Problem Solving;Algorithms;JavaScript;Agile;Data Structures;CI/CD,13,Software Developer,Job Ready
STD_1333,B.E. Electronics and Communication,1.0,3,3,Azure;Kubernetes;CI/CD;Problem Solving;Linux;Docker;Networking;Virtualization;Python;Cloud Fundamentals,10,Cloud Engineer,Intermediate
STD_0131,B.E. Computer Science and Engineering,0.6,2,0,Deep Learning;Scikit-learn;NumPy;Statistics;Python;Machine Learning;Computer Vision,7,AI/ML Engineer,Developing
STD_0872,B.Tech Information Technology,3.5,6,4,Java;JavaScript;Git;Docker;REST API;OOP;CI/CD;Communication;SQL;C++;Linux;Algorithms;Agile,13,Software Developer,Job Ready
STD_1124,B.Tech Artificial Intelligence and Data Science,0.6,2,1,Python;Security Tools;SIEM;Ethical Hacking;Problem Solving;Cybersecurity Fundamentals;Threat Detection;Cryptography,8,Cybersecurity Analyst,Developing
STD_1397,B.E. Computer Science and Engineering,3.0,3,3,Kubernetes;Python;Virtualization;AWS;Linux;CI/CD;Problem Solving;Security Tools;Probability;Networking;NumPy;Azure;GCP;Cloud Fundamentals,14,Cloud Engineer,Job Ready
STD_0088,B.Tech Information Technology,1.2,3,3,SQL;Data Visualization;Computer Vision;Problem Solving;NLP;NumPy;Docker;Model Deployment;Machine Learning;TensorFlow;Git;Statistics;Deep Learning;Scikit-learn,14,AI/ML Engineer,Intermediate
STD_1483,B.E. Computer Science and Engineering,1.4,4,1,AWS;Git;Networking;Virtualization;Docker;Cloud Fundamentals;GCP;Security Tools;Problem Solving;CI/CD;Kubernetes,11,Cloud Engineer,Intermediate
STD_0331,B.E. Electronics and Communication,0.8,2,0,NLP;Scikit-learn;Statistics;Problem Solving;SQL;Deep Learning;NumPy;Python,8,Data Scientist,Developing
STD_1239,B.E. Computer Science and Engineering,1.2,3,1,Ethical Hacking;Git;Cybersecurity Fundamentals;Networking;Security Tools;Cryptography;Python;Communication;SIEM;Problem Solving;Linux,11,Cybersecurity Analyst,Intermediate
STD_0467,B.E. Computer Science and Engineering,0.7,2,0,Problem Solving;NumPy;Scikit-learn;Statistics;Pandas;Data Visualization,6,Data Scientist,Developing
STD_0122,M.Tech Data Science & AI,0.6,1,2,Git;Machine Learning;NLP;Problem Solving;TensorFlow;Statistics,6,AI/ML Engineer,Developing
STD_1045,B.Tech Information Technology,1.9,3,3,Cybersecurity Fundamentals;Linux;Communication;SIEM;Pandas;Data Visualization;Threat Detection;Problem Solving;Python;Git;Networking;Ethical Hacking,12,Cybersecurity Analyst,Intermediate
STD_1096,BCA / MCA Computer Applications,0.3,1,0,OOP;Python,2,Cybersecurity Analyst,Beginner
STD_1131,B.E. Computer Science and Engineering,0.5,0,1,Communication;Threat Detection,2,Cybersecurity Analyst,Beginner
STD_1295,B.Tech Artificial Intelligence and Data Science,1.7,2,2,Linux;Kubernetes;AWS;CI/CD;GCP;Python;Git;Cloud Fundamentals,8,Cloud Engineer,Intermediate
STD_0861,M.Tech Data Science & AI,2.4,3,4,JavaScript;Data Structures;Java;CI/CD;Git;Algorithms;SQL;REST API;Communication;Agile,10,Software Developer,Job Ready
STD_1460,B.Tech Artificial Intelligence and Data Science,0.9,1,0,Security Tools;Problem Solving;Virtualization;Python;Docker,5,Cloud Engineer,Developing
STD_1127,B.Tech Artificial Intelligence and Data Science,0.4,1,0,Communication;Cryptography;Threat Detection;SIEM;Problem Solving;Vulnerability Assessment;Cybersecurity Fundamentals,7,Cybersecurity Analyst,Developing
